phi,volume,time,halos,theta,volumeIdx
0,on,0,on,45,0
0,on,0,on,45,1
0,on,0,on,45,2
0,on,0,on,45,3
0,on,0,on,45,4
0,on,0,on,45,5
0,on,0,on,45,6
0,on,0,on,45,7
0,on,0,on,45,8
0,on,0,on,45,9
0,on,0,on,90,0
0,on,0,on,90,1
0,on,0,on,90,2
0,on,0,on,90,3
0,on,0,on,90,4
0,on,0,on,90,5
0,on,0,on,90,6
0,on,0,on,90,7
0,on,0,on,90,8
0,on,0,on,90,9
0,on,0,on,135,0
0,on,0,on,135,1
0,on,0,on,135,2
0,on,0,on,135,3
0,on,0,on,135,4
0,on,0,on,135,5
0,on,0,on,135,6
0,on,0,on,135,7
0,on,0,on,135,8
0,on,0,on,135,9
0,on,0,off,45,0
0,on,0,off,45,1
0,on,0,off,45,2
0,on,0,off,45,3
0,on,0,off,45,4
0,on,0,off,45,5
0,on,0,off,45,6
0,on,0,off,45,7
0,on,0,off,45,8
0,on,0,off,45,9
0,on,0,off,90,0
0,on,0,off,90,1
0,on,0,off,90,2
0,on,0,off,90,3
0,on,0,off,90,4
0,on,0,off,90,5
0,on,0,off,90,6
0,on,0,off,90,7
0,on,0,off,90,8
0,on,0,off,90,9
0,on,0,off,135,0
0,on,0,off,135,1
0,on,0,off,135,2
0,on,0,off,135,3
0,on,0,off,135,4
0,on,0,off,135,5
0,on,0,off,135,6
0,on,0,off,135,7
0,on,0,off,135,8
0,on,0,off,135,9
0,on,1,on,45,0
0,on,1,on,45,1
0,on,1,on,45,2
0,on,1,on,45,3
0,on,1,on,45,4
0,on,1,on,45,5
0,on,1,on,45,6
0,on,1,on,45,7
0,on,1,on,45,8
0,on,1,on,45,9
0,on,1,on,90,0
0,on,1,on,90,1
0,on,1,on,90,2
0,on,1,on,90,3
0,on,1,on,90,4
0,on,1,on,90,5
0,on,1,on,90,6
0,on,1,on,90,7
0,on,1,on,90,8
0,on,1,on,90,9
0,on,1,on,135,0
0,on,1,on,135,1
0,on,1,on,135,2
0,on,1,on,135,3
0,on,1,on,135,4
0,on,1,on,135,5
0,on,1,on,135,6
0,on,1,on,135,7
0,on,1,on,135,8
0,on,1,on,135,9
0,on,1,off,45,0
0,on,1,off,45,1
0,on,1,off,45,2
0,on,1,off,45,3
0,on,1,off,45,4
0,on,1,off,45,5
0,on,1,off,45,6
0,on,1,off,45,7
0,on,1,off,45,8
0,on,1,off,45,9
0,on,1,off,90,0
0,on,1,off,90,1
0,on,1,off,90,2
0,on,1,off,90,3
0,on,1,off,90,4
0,on,1,off,90,5
0,on,1,off,90,6
0,on,1,off,90,7
0,on,1,off,90,8
0,on,1,off,90,9
0,on,1,off,135,0
0,on,1,off,135,1
0,on,1,off,135,2
0,on,1,off,135,3
0,on,1,off,135,4
0,on,1,off,135,5
0,on,1,off,135,6
0,on,1,off,135,7
0,on,1,off,135,8
0,on,1,off,135,9
0,on,2,on,45,0
0,on,2,on,45,1
0,on,2,on,45,2
0,on,2,on,45,3
0,on,2,on,45,4
0,on,2,on,45,5
0,on,2,on,45,6
0,on,2,on,45,7
0,on,2,on,45,8
0,on,2,on,45,9
0,on,2,on,90,0
0,on,2,on,90,1
0,on,2,on,90,2
0,on,2,on,90,3
0,on,2,on,90,4
0,on,2,on,90,5
0,on,2,on,90,6
0,on,2,on,90,7
0,on,2,on,90,8
0,on,2,on,90,9
0,on,2,on,135,0
0,on,2,on,135,1
0,on,2,on,135,2
0,on,2,on,135,3
0,on,2,on,135,4
0,on,2,on,135,5
0,on,2,on,135,6
0,on,2,on,135,7
0,on,2,on,135,8
0,on,2,on,135,9
0,on,2,off,45,0
0,on,2,off,45,1
0,on,2,off,45,2
0,on,2,off,45,3
0,on,2,off,45,4
0,on,2,off,45,5
0,on,2,off,45,6
0,on,2,off,45,7
0,on,2,off,45,8
0,on,2,off,45,9
0,on,2,off,90,0
0,on,2,off,90,1
0,on,2,off,90,2
0,on,2,off,90,3
0,on,2,off,90,4
0,on,2,off,90,5
0,on,2,off,90,6
0,on,2,off,90,7
0,on,2,off,90,8
0,on,2,off,90,9
0,on,2,off,135,0
0,on,2,off,135,1
0,on,2,off,135,2
0,on,2,off,135,3
0,on,2,off,135,4
0,on,2,off,135,5
0,on,2,off,135,6
0,on,2,off,135,7
0,on,2,off,135,8
0,on,2,off,135,9
0,on,3,on,45,0
0,on,3,on,45,1
0,on,3,on,45,2
0,on,3,on,45,3
0,on,3,on,45,4
0,on,3,on,45,5
0,on,3,on,45,6
0,on,3,on,45,7
0,on,3,on,45,8
0,on,3,on,45,9
0,on,3,on,90,0
0,on,3,on,90,1
0,on,3,on,90,2
0,on,3,on,90,3
0,on,3,on,90,4
0,on,3,on,90,5
0,on,3,on,90,6
0,on,3,on,90,7
0,on,3,on,90,8
0,on,3,on,90,9
0,on,3,on,135,0
0,on,3,on,135,1
0,on,3,on,135,2
0,on,3,on,135,3
0,on,3,on,135,4
0,on,3,on,135,5
0,on,3,on,135,6
0,on,3,on,135,7
0,on,3,on,135,8
0,on,3,on,135,9
0,on,3,off,45,0
0,on,3,off,45,1
0,on,3,off,45,2
0,on,3,off,45,3
0,on,3,off,45,4
0,on,3,off,45,5
0,on,3,off,45,6
0,on,3,off,45,7
0,on,3,off,45,8
0,on,3,off,45,9
0,on,3,off,90,0
0,on,3,off,90,1
0,on,3,off,90,2
0,on,3,off,90,3
0,on,3,off,90,4
0,on,3,off,90,5
0,on,3,off,90,6
0,on,3,off,90,7
0,on,3,off,90,8
0,on,3,off,90,9
0,on,3,off,135,0
0,on,3,off,135,1
0,on,3,off,135,2
0,on,3,off,135,3
0,on,3,off,135,4
0,on,3,off,135,5
0,on,3,off,135,6
0,on,3,off,135,7
0,on,3,off,135,8
0,on,3,off,135,9
0,on,4,on,45,0
0,on,4,on,45,1
0,on,4,on,45,2
0,on,4,on,45,3
0,on,4,on,45,4
0,on,4,on,45,5
0,on,4,on,45,6
0,on,4,on,45,7
0,on,4,on,45,8
0,on,4,on,45,9
0,on,4,on,90,0
0,on,4,on,90,1
0,on,4,on,90,2
0,on,4,on,90,3
0,on,4,on,90,4
0,on,4,on,90,5
0,on,4,on,90,6
0,on,4,on,90,7
0,on,4,on,90,8
0,on,4,on,90,9
0,on,4,on,135,0
0,on,4,on,135,1
0,on,4,on,135,2
0,on,4,on,135,3
0,on,4,on,135,4
0,on,4,on,135,5
0,on,4,on,135,6
0,on,4,on,135,7
0,on,4,on,135,8
0,on,4,on,135,9
0,on,4,off,45,0
0,on,4,off,45,1
0,on,4,off,45,2
0,on,4,off,45,3
0,on,4,off,45,4
0,on,4,off,45,5
0,on,4,off,45,6
0,on,4,off,45,7
0,on,4,off,45,8
0,on,4,off,45,9
0,on,4,off,90,0
0,on,4,off,90,1
0,on,4,off,90,2
0,on,4,off,90,3
0,on,4,off,90,4
0,on,4,off,90,5
0,on,4,off,90,6
0,on,4,off,90,7
0,on,4,off,90,8
0,on,4,off,90,9
0,on,4,off,135,0
0,on,4,off,135,1
0,on,4,off,135,2
0,on,4,off,135,3
0,on,4,off,135,4
0,on,4,off,135,5
0,on,4,off,135,6
0,on,4,off,135,7
0,on,4,off,135,8
0,on,4,off,135,9
0,off,0,on,45,0
0,off,0,on,45,1
0,off,0,on,45,2
0,off,0,on,45,3
0,off,0,on,45,4
0,off,0,on,45,5
0,off,0,on,45,6
0,off,0,on,45,7
0,off,0,on,45,8
0,off,0,on,45,9
0,off,0,on,90,0
0,off,0,on,90,1
0,off,0,on,90,2
0,off,0,on,90,3
0,off,0,on,90,4
0,off,0,on,90,5
0,off,0,on,90,6
0,off,0,on,90,7
0,off,0,on,90,8
0,off,0,on,90,9
0,off,0,on,135,0
0,off,0,on,135,1
0,off,0,on,135,2
0,off,0,on,135,3
0,off,0,on,135,4
0,off,0,on,135,5
0,off,0,on,135,6
0,off,0,on,135,7
0,off,0,on,135,8
0,off,0,on,135,9
0,off,0,off,45,0
0,off,0,off,45,1
0,off,0,off,45,2
0,off,0,off,45,3
0,off,0,off,45,4
0,off,0,off,45,5
0,off,0,off,45,6
0,off,0,off,45,7
0,off,0,off,45,8
0,off,0,off,45,9
0,off,0,off,90,0
0,off,0,off,90,1
0,off,0,off,90,2
0,off,0,off,90,3
0,off,0,off,90,4
0,off,0,off,90,5
0,off,0,off,90,6
0,off,0,off,90,7
0,off,0,off,90,8
0,off,0,off,90,9
0,off,0,off,135,0
0,off,0,off,135,1
0,off,0,off,135,2
0,off,0,off,135,3
0,off,0,off,135,4
0,off,0,off,135,5
0,off,0,off,135,6
0,off,0,off,135,7
0,off,0,off,135,8
0,off,0,off,135,9
0,off,1,on,45,0
0,off,1,on,45,1
0,off,1,on,45,2
0,off,1,on,45,3
0,off,1,on,45,4
0,off,1,on,45,5
0,off,1,on,45,6
0,off,1,on,45,7
0,off,1,on,45,8
0,off,1,on,45,9
0,off,1,on,90,0
0,off,1,on,90,1
0,off,1,on,90,2
0,off,1,on,90,3
0,off,1,on,90,4
0,off,1,on,90,5
0,off,1,on,90,6
0,off,1,on,90,7
0,off,1,on,90,8
0,off,1,on,90,9
0,off,1,on,135,0
0,off,1,on,135,1
0,off,1,on,135,2
0,off,1,on,135,3
0,off,1,on,135,4
0,off,1,on,135,5
0,off,1,on,135,6
0,off,1,on,135,7
0,off,1,on,135,8
0,off,1,on,135,9
0,off,1,off,45,0
0,off,1,off,45,1
0,off,1,off,45,2
0,off,1,off,45,3
0,off,1,off,45,4
0,off,1,off,45,5
0,off,1,off,45,6
0,off,1,off,45,7
0,off,1,off,45,8
0,off,1,off,45,9
0,off,1,off,90,0
0,off,1,off,90,1
0,off,1,off,90,2
0,off,1,off,90,3
0,off,1,off,90,4
0,off,1,off,90,5
0,off,1,off,90,6
0,off,1,off,90,7
0,off,1,off,90,8
0,off,1,off,90,9
0,off,1,off,135,0
0,off,1,off,135,1
0,off,1,off,135,2
0,off,1,off,135,3
0,off,1,off,135,4
0,off,1,off,135,5
0,off,1,off,135,6
0,off,1,off,135,7
0,off,1,off,135,8
0,off,1,off,135,9
0,off,2,on,45,0
0,off,2,on,45,1
0,off,2,on,45,2
0,off,2,on,45,3
0,off,2,on,45,4
0,off,2,on,45,5
0,off,2,on,45,6
0,off,2,on,45,7
0,off,2,on,45,8
0,off,2,on,45,9
0,off,2,on,90,0
0,off,2,on,90,1
0,off,2,on,90,2
0,off,2,on,90,3
0,off,2,on,90,4
0,off,2,on,90,5
0,off,2,on,90,6
0,off,2,on,90,7
0,off,2,on,90,8
0,off,2,on,90,9
0,off,2,on,135,0
0,off,2,on,135,1
0,off,2,on,135,2
0,off,2,on,135,3
0,off,2,on,135,4
0,off,2,on,135,5
0,off,2,on,135,6
0,off,2,on,135,7
0,off,2,on,135,8
0,off,2,on,135,9
0,off,2,off,45,0
0,off,2,off,45,1
0,off,2,off,45,2
0,off,2,off,45,3
0,off,2,off,45,4
0,off,2,off,45,5
0,off,2,off,45,6
0,off,2,off,45,7
0,off,2,off,45,8
0,off,2,off,45,9
0,off,2,off,90,0
0,off,2,off,90,1
0,off,2,off,90,2
0,off,2,off,90,3
0,off,2,off,90,4
0,off,2,off,90,5
0,off,2,off,90,6
0,off,2,off,90,7
0,off,2,off,90,8
0,off,2,off,90,9
0,off,2,off,135,0
0,off,2,off,135,1
0,off,2,off,135,2
0,off,2,off,135,3
0,off,2,off,135,4
0,off,2,off,135,5
0,off,2,off,135,6
0,off,2,off,135,7
0,off,2,off,135,8
0,off,2,off,135,9
0,off,3,on,45,0
0,off,3,on,45,1
0,off,3,on,45,2
0,off,3,on,45,3
0,off,3,on,45,4
0,off,3,on,45,5
0,off,3,on,45,6
0,off,3,on,45,7
0,off,3,on,45,8
0,off,3,on,45,9
0,off,3,on,90,0
0,off,3,on,90,1
0,off,3,on,90,2
0,off,3,on,90,3
0,off,3,on,90,4
0,off,3,on,90,5
0,off,3,on,90,6
0,off,3,on,90,7
0,off,3,on,90,8
0,off,3,on,90,9
0,off,3,on,135,0
0,off,3,on,135,1
0,off,3,on,135,2
0,off,3,on,135,3
0,off,3,on,135,4
0,off,3,on,135,5
0,off,3,on,135,6
0,off,3,on,135,7
0,off,3,on,135,8
0,off,3,on,135,9
0,off,3,off,45,0
0,off,3,off,45,1
0,off,3,off,45,2
0,off,3,off,45,3
0,off,3,off,45,4
0,off,3,off,45,5
0,off,3,off,45,6
0,off,3,off,45,7
0,off,3,off,45,8
0,off,3,off,45,9
0,off,3,off,90,0
0,off,3,off,90,1
0,off,3,off,90,2
0,off,3,off,90,3
0,off,3,off,90,4
0,off,3,off,90,5
0,off,3,off,90,6
0,off,3,off,90,7
0,off,3,off,90,8
0,off,3,off,90,9
0,off,3,off,135,0
0,off,3,off,135,1
0,off,3,off,135,2
0,off,3,off,135,3
0,off,3,off,135,4
0,off,3,off,135,5
0,off,3,off,135,6
0,off,3,off,135,7
0,off,3,off,135,8
0,off,3,off,135,9
0,off,4,on,45,0
0,off,4,on,45,1
0,off,4,on,45,2
0,off,4,on,45,3
0,off,4,on,45,4
0,off,4,on,45,5
0,off,4,on,45,6
0,off,4,on,45,7
0,off,4,on,45,8
0,off,4,on,45,9
0,off,4,on,90,0
0,off,4,on,90,1
0,off,4,on,90,2
0,off,4,on,90,3
0,off,4,on,90,4
0,off,4,on,90,5
0,off,4,on,90,6
0,off,4,on,90,7
0,off,4,on,90,8
0,off,4,on,90,9
0,off,4,on,135,0
0,off,4,on,135,1
0,off,4,on,135,2
0,off,4,on,135,3
0,off,4,on,135,4
0,off,4,on,135,5
0,off,4,on,135,6
0,off,4,on,135,7
0,off,4,on,135,8
0,off,4,on,135,9
0,off,4,off,45,0
0,off,4,off,45,1
0,off,4,off,45,2
0,off,4,off,45,3
0,off,4,off,45,4
0,off,4,off,45,5
0,off,4,off,45,6
0,off,4,off,45,7
0,off,4,off,45,8
0,off,4,off,45,9
0,off,4,off,90,0
0,off,4,off,90,1
0,off,4,off,90,2
0,off,4,off,90,3
0,off,4,off,90,4
0,off,4,off,90,5
0,off,4,off,90,6
0,off,4,off,90,7
0,off,4,off,90,8
0,off,4,off,90,9
0,off,4,off,135,0
0,off,4,off,135,1
0,off,4,off,135,2
0,off,4,off,135,3
0,off,4,off,135,4
0,off,4,off,135,5
0,off,4,off,135,6
0,off,4,off,135,7
0,off,4,off,135,8
0,off,4,off,135,9
45,on,0,on,45,0
45,on,0,on,45,1
45,on,0,on,45,2
45,on,0,on,45,3
45,on,0,on,45,4
45,on,0,on,45,5
45,on,0,on,45,6
45,on,0,on,45,7
45,on,0,on,45,8
45,on,0,on,45,9
45,on,0,on,90,0
45,on,0,on,90,1
45,on,0,on,90,2
45,on,0,on,90,3
45,on,0,on,90,4
45,on,0,on,90,5
45,on,0,on,90,6
45,on,0,on,90,7
45,on,0,on,90,8
45,on,0,on,90,9
45,on,0,on,135,0
45,on,0,on,135,1
45,on,0,on,135,2
45,on,0,on,135,3
45,on,0,on,135,4
45,on,0,on,135,5
45,on,0,on,135,6
45,on,0,on,135,7
45,on,0,on,135,8
45,on,0,on,135,9
45,on,0,off,45,0
45,on,0,off,45,1
45,on,0,off,45,2
45,on,0,off,45,3
45,on,0,off,45,4
45,on,0,off,45,5
45,on,0,off,45,6
45,on,0,off,45,7
45,on,0,off,45,8
45,on,0,off,45,9
45,on,0,off,90,0
45,on,0,off,90,1
45,on,0,off,90,2
45,on,0,off,90,3
45,on,0,off,90,4
45,on,0,off,90,5
45,on,0,off,90,6
45,on,0,off,90,7
45,on,0,off,90,8
45,on,0,off,90,9
45,on,0,off,135,0
45,on,0,off,135,1
45,on,0,off,135,2
45,on,0,off,135,3
45,on,0,off,135,4
45,on,0,off,135,5
45,on,0,off,135,6
45,on,0,off,135,7
45,on,0,off,135,8
45,on,0,off,135,9
45,on,1,on,45,0
45,on,1,on,45,1
45,on,1,on,45,2
45,on,1,on,45,3
45,on,1,on,45,4
45,on,1,on,45,5
45,on,1,on,45,6
45,on,1,on,45,7
45,on,1,on,45,8
45,on,1,on,45,9
45,on,1,on,90,0
45,on,1,on,90,1
45,on,1,on,90,2
45,on,1,on,90,3
45,on,1,on,90,4
45,on,1,on,90,5
45,on,1,on,90,6
45,on,1,on,90,7
45,on,1,on,90,8
45,on,1,on,90,9
45,on,1,on,135,0
45,on,1,on,135,1
45,on,1,on,135,2
45,on,1,on,135,3
45,on,1,on,135,4
45,on,1,on,135,5
45,on,1,on,135,6
45,on,1,on,135,7
45,on,1,on,135,8
45,on,1,on,135,9
45,on,1,off,45,0
45,on,1,off,45,1
45,on,1,off,45,2
45,on,1,off,45,3
45,on,1,off,45,4
45,on,1,off,45,5
45,on,1,off,45,6
45,on,1,off,45,7
45,on,1,off,45,8
45,on,1,off,45,9
45,on,1,off,90,0
45,on,1,off,90,1
45,on,1,off,90,2
45,on,1,off,90,3
45,on,1,off,90,4
45,on,1,off,90,5
45,on,1,off,90,6
45,on,1,off,90,7
45,on,1,off,90,8
45,on,1,off,90,9
45,on,1,off,135,0
45,on,1,off,135,1
45,on,1,off,135,2
45,on,1,off,135,3
45,on,1,off,135,4
45,on,1,off,135,5
45,on,1,off,135,6
45,on,1,off,135,7
45,on,1,off,135,8
45,on,1,off,135,9
45,on,2,on,45,0
45,on,2,on,45,1
45,on,2,on,45,2
45,on,2,on,45,3
45,on,2,on,45,4
45,on,2,on,45,5
45,on,2,on,45,6
45,on,2,on,45,7
45,on,2,on,45,8
45,on,2,on,45,9
45,on,2,on,90,0
45,on,2,on,90,1
45,on,2,on,90,2
45,on,2,on,90,3
45,on,2,on,90,4
45,on,2,on,90,5
45,on,2,on,90,6
45,on,2,on,90,7
45,on,2,on,90,8
45,on,2,on,90,9
45,on,2,on,135,0
45,on,2,on,135,1
45,on,2,on,135,2
45,on,2,on,135,3
45,on,2,on,135,4
45,on,2,on,135,5
45,on,2,on,135,6
45,on,2,on,135,7
45,on,2,on,135,8
45,on,2,on,135,9
45,on,2,off,45,0
45,on,2,off,45,1
45,on,2,off,45,2
45,on,2,off,45,3
45,on,2,off,45,4
45,on,2,off,45,5
45,on,2,off,45,6
45,on,2,off,45,7
45,on,2,off,45,8
45,on,2,off,45,9
45,on,2,off,90,0
45,on,2,off,90,1
45,on,2,off,90,2
45,on,2,off,90,3
45,on,2,off,90,4
45,on,2,off,90,5
45,on,2,off,90,6
45,on,2,off,90,7
45,on,2,off,90,8
45,on,2,off,90,9
45,on,2,off,135,0
45,on,2,off,135,1
45,on,2,off,135,2
45,on,2,off,135,3
45,on,2,off,135,4
45,on,2,off,135,5
45,on,2,off,135,6
45,on,2,off,135,7
45,on,2,off,135,8
45,on,2,off,135,9
45,on,3,on,45,0
45,on,3,on,45,1
45,on,3,on,45,2
45,on,3,on,45,3
45,on,3,on,45,4
45,on,3,on,45,5
45,on,3,on,45,6
45,on,3,on,45,7
45,on,3,on,45,8
45,on,3,on,45,9
45,on,3,on,90,0
45,on,3,on,90,1
45,on,3,on,90,2
45,on,3,on,90,3
45,on,3,on,90,4
45,on,3,on,90,5
45,on,3,on,90,6
45,on,3,on,90,7
45,on,3,on,90,8
45,on,3,on,90,9
45,on,3,on,135,0
45,on,3,on,135,1
45,on,3,on,135,2
45,on,3,on,135,3
45,on,3,on,135,4
45,on,3,on,135,5
45,on,3,on,135,6
45,on,3,on,135,7
45,on,3,on,135,8
45,on,3,on,135,9
45,on,3,off,45,0
45,on,3,off,45,1
45,on,3,off,45,2
45,on,3,off,45,3
45,on,3,off,45,4
45,on,3,off,45,5
45,on,3,off,45,6
45,on,3,off,45,7
45,on,3,off,45,8
45,on,3,off,45,9
45,on,3,off,90,0
45,on,3,off,90,1
45,on,3,off,90,2
45,on,3,off,90,3
45,on,3,off,90,4
45,on,3,off,90,5
45,on,3,off,90,6
45,on,3,off,90,7
45,on,3,off,90,8
45,on,3,off,90,9
45,on,3,off,135,0
45,on,3,off,135,1
45,on,3,off,135,2
45,on,3,off,135,3
45,on,3,off,135,4
45,on,3,off,135,5
45,on,3,off,135,6
45,on,3,off,135,7
45,on,3,off,135,8
45,on,3,off,135,9
45,on,4,on,45,0
45,on,4,on,45,1
45,on,4,on,45,2
45,on,4,on,45,3
45,on,4,on,45,4
45,on,4,on,45,5
45,on,4,on,45,6
45,on,4,on,45,7
45,on,4,on,45,8
45,on,4,on,45,9
45,on,4,on,90,0
45,on,4,on,90,1
45,on,4,on,90,2
45,on,4,on,90,3
45,on,4,on,90,4
45,on,4,on,90,5
45,on,4,on,90,6
45,on,4,on,90,7
45,on,4,on,90,8
45,on,4,on,90,9
45,on,4,on,135,0
45,on,4,on,135,1
45,on,4,on,135,2
45,on,4,on,135,3
45,on,4,on,135,4
45,on,4,on,135,5
45,on,4,on,135,6
45,on,4,on,135,7
45,on,4,on,135,8
45,on,4,on,135,9
45,on,4,off,45,0
45,on,4,off,45,1
45,on,4,off,45,2
45,on,4,off,45,3
45,on,4,off,45,4
45,on,4,off,45,5
45,on,4,off,45,6
45,on,4,off,45,7
45,on,4,off,45,8
45,on,4,off,45,9
45,on,4,off,90,0
45,on,4,off,90,1
45,on,4,off,90,2
45,on,4,off,90,3
45,on,4,off,90,4
45,on,4,off,90,5
45,on,4,off,90,6
45,on,4,off,90,7
45,on,4,off,90,8
45,on,4,off,90,9
45,on,4,off,135,0
45,on,4,off,135,1
45,on,4,off,135,2
45,on,4,off,135,3
45,on,4,off,135,4
45,on,4,off,135,5
45,on,4,off,135,6
45,on,4,off,135,7
45,on,4,off,135,8
45,on,4,off,135,9
45,off,0,on,45,0
45,off,0,on,45,1
45,off,0,on,45,2
45,off,0,on,45,3
45,off,0,on,45,4
45,off,0,on,45,5
45,off,0,on,45,6
45,off,0,on,45,7
45,off,0,on,45,8
45,off,0,on,45,9
45,off,0,on,90,0
45,off,0,on,90,1
45,off,0,on,90,2
45,off,0,on,90,3
45,off,0,on,90,4
45,off,0,on,90,5
45,off,0,on,90,6
45,off,0,on,90,7
45,off,0,on,90,8
45,off,0,on,90,9
45,off,0,on,135,0
45,off,0,on,135,1
45,off,0,on,135,2
45,off,0,on,135,3
45,off,0,on,135,4
45,off,0,on,135,5
45,off,0,on,135,6
45,off,0,on,135,7
45,off,0,on,135,8
45,off,0,on,135,9
45,off,0,off,45,0
45,off,0,off,45,1
45,off,0,off,45,2
45,off,0,off,45,3
45,off,0,off,45,4
45,off,0,off,45,5
45,off,0,off,45,6
45,off,0,off,45,7
45,off,0,off,45,8
45,off,0,off,45,9
45,off,0,off,90,0
45,off,0,off,90,1
45,off,0,off,90,2
45,off,0,off,90,3
45,off,0,off,90,4
45,off,0,off,90,5
45,off,0,off,90,6
45,off,0,off,90,7
45,off,0,off,90,8
45,off,0,off,90,9
45,off,0,off,135,0
45,off,0,off,135,1
45,off,0,off,135,2
45,off,0,off,135,3
45,off,0,off,135,4
45,off,0,off,135,5
45,off,0,off,135,6
45,off,0,off,135,7
45,off,0,off,135,8
45,off,0,off,135,9
45,off,1,on,45,0
45,off,1,on,45,1
45,off,1,on,45,2
45,off,1,on,45,3
45,off,1,on,45,4
45,off,1,on,45,5
45,off,1,on,45,6
45,off,1,on,45,7
45,off,1,on,45,8
45,off,1,on,45,9
45,off,1,on,90,0
45,off,1,on,90,1
45,off,1,on,90,2
45,off,1,on,90,3
45,off,1,on,90,4
45,off,1,on,90,5
45,off,1,on,90,6
45,off,1,on,90,7
45,off,1,on,90,8
45,off,1,on,90,9
45,off,1,on,135,0
45,off,1,on,135,1
45,off,1,on,135,2
45,off,1,on,135,3
45,off,1,on,135,4
45,off,1,on,135,5
45,off,1,on,135,6
45,off,1,on,135,7
45,off,1,on,135,8
45,off,1,on,135,9
45,off,1,off,45,0
45,off,1,off,45,1
45,off,1,off,45,2
45,off,1,off,45,3
45,off,1,off,45,4
45,off,1,off,45,5
45,off,1,off,45,6
45,off,1,off,45,7
45,off,1,off,45,8
45,off,1,off,45,9
45,off,1,off,90,0
45,off,1,off,90,1
45,off,1,off,90,2
45,off,1,off,90,3
45,off,1,off,90,4
45,off,1,off,90,5
45,off,1,off,90,6
45,off,1,off,90,7
45,off,1,off,90,8
45,off,1,off,90,9
45,off,1,off,135,0
45,off,1,off,135,1
45,off,1,off,135,2
45,off,1,off,135,3
45,off,1,off,135,4
45,off,1,off,135,5
45,off,1,off,135,6
45,off,1,off,135,7
45,off,1,off,135,8
45,off,1,off,135,9
45,off,2,on,45,0
45,off,2,on,45,1
45,off,2,on,45,2
45,off,2,on,45,3
45,off,2,on,45,4
45,off,2,on,45,5
45,off,2,on,45,6
45,off,2,on,45,7
45,off,2,on,45,8
45,off,2,on,45,9
45,off,2,on,90,0
45,off,2,on,90,1
45,off,2,on,90,2
45,off,2,on,90,3
45,off,2,on,90,4
45,off,2,on,90,5
45,off,2,on,90,6
45,off,2,on,90,7
45,off,2,on,90,8
45,off,2,on,90,9
45,off,2,on,135,0
45,off,2,on,135,1
45,off,2,on,135,2
45,off,2,on,135,3
45,off,2,on,135,4
45,off,2,on,135,5
45,off,2,on,135,6
45,off,2,on,135,7
45,off,2,on,135,8
45,off,2,on,135,9
45,off,2,off,45,0
45,off,2,off,45,1
45,off,2,off,45,2
45,off,2,off,45,3
45,off,2,off,45,4
45,off,2,off,45,5
45,off,2,off,45,6
45,off,2,off,45,7
45,off,2,off,45,8
45,off,2,off,45,9
45,off,2,off,90,0
45,off,2,off,90,1
45,off,2,off,90,2
45,off,2,off,90,3
45,off,2,off,90,4
45,off,2,off,90,5
45,off,2,off,90,6
45,off,2,off,90,7
45,off,2,off,90,8
45,off,2,off,90,9
45,off,2,off,135,0
45,off,2,off,135,1
45,off,2,off,135,2
45,off,2,off,135,3
45,off,2,off,135,4
45,off,2,off,135,5
45,off,2,off,135,6
45,off,2,off,135,7
45,off,2,off,135,8
45,off,2,off,135,9
45,off,3,on,45,0
45,off,3,on,45,1
45,off,3,on,45,2
45,off,3,on,45,3
45,off,3,on,45,4
45,off,3,on,45,5
45,off,3,on,45,6
45,off,3,on,45,7
45,off,3,on,45,8
45,off,3,on,45,9
45,off,3,on,90,0
45,off,3,on,90,1
45,off,3,on,90,2
45,off,3,on,90,3
45,off,3,on,90,4
45,off,3,on,90,5
45,off,3,on,90,6
45,off,3,on,90,7
45,off,3,on,90,8
45,off,3,on,90,9
45,off,3,on,135,0
45,off,3,on,135,1
45,off,3,on,135,2
45,off,3,on,135,3
45,off,3,on,135,4
45,off,3,on,135,5
45,off,3,on,135,6
45,off,3,on,135,7
45,off,3,on,135,8
45,off,3,on,135,9
45,off,3,off,45,0
45,off,3,off,45,1
45,off,3,off,45,2
45,off,3,off,45,3
45,off,3,off,45,4
45,off,3,off,45,5
45,off,3,off,45,6
45,off,3,off,45,7
45,off,3,off,45,8
45,off,3,off,45,9
45,off,3,off,90,0
45,off,3,off,90,1
45,off,3,off,90,2
45,off,3,off,90,3
45,off,3,off,90,4
45,off,3,off,90,5
45,off,3,off,90,6
45,off,3,off,90,7
45,off,3,off,90,8
45,off,3,off,90,9
45,off,3,off,135,0
45,off,3,off,135,1
45,off,3,off,135,2
45,off,3,off,135,3
45,off,3,off,135,4
45,off,3,off,135,5
45,off,3,off,135,6
45,off,3,off,135,7
45,off,3,off,135,8
45,off,3,off,135,9
45,off,4,on,45,0
45,off,4,on,45,1
45,off,4,on,45,2
45,off,4,on,45,3
45,off,4,on,45,4
45,off,4,on,45,5
45,off,4,on,45,6
45,off,4,on,45,7
45,off,4,on,45,8
45,off,4,on,45,9
45,off,4,on,90,0
45,off,4,on,90,1
45,off,4,on,90,2
45,off,4,on,90,3
45,off,4,on,90,4
45,off,4,on,90,5
45,off,4,on,90,6
45,off,4,on,90,7
45,off,4,on,90,8
45,off,4,on,90,9
45,off,4,on,135,0
45,off,4,on,135,1
45,off,4,on,135,2
45,off,4,on,135,3
45,off,4,on,135,4
45,off,4,on,135,5
45,off,4,on,135,6
45,off,4,on,135,7
45,off,4,on,135,8
45,off,4,on,135,9
45,off,4,off,45,0
45,off,4,off,45,1
45,off,4,off,45,2
45,off,4,off,45,3
45,off,4,off,45,4
45,off,4,off,45,5
45,off,4,off,45,6
45,off,4,off,45,7
45,off,4,off,45,8
45,off,4,off,45,9
45,off,4,off,90,0
45,off,4,off,90,1
45,off,4,off,90,2
45,off,4,off,90,3
45,off,4,off,90,4
45,off,4,off,90,5
45,off,4,off,90,6
45,off,4,off,90,7
45,off,4,off,90,8
45,off,4,off,90,9
45,off,4,off,135,0
45,off,4,off,135,1
45,off,4,off,135,2
45,off,4,off,135,3
45,off,4,off,135,4
45,off,4,off,135,5
45,off,4,off,135,6
45,off,4,off,135,7
45,off,4,off,135,8
45,off,4,off,135,9
90,on,0,on,45,0
90,on,0,on,45,1
90,on,0,on,45,2
90,on,0,on,45,3
90,on,0,on,45,4
90,on,0,on,45,5
90,on,0,on,45,6
90,on,0,on,45,7
90,on,0,on,45,8
90,on,0,on,45,9
90,on,0,on,90,0
90,on,0,on,90,1
90,on,0,on,90,2
90,on,0,on,90,3
90,on,0,on,90,4
90,on,0,on,90,5
90,on,0,on,90,6
90,on,0,on,90,7
90,on,0,on,90,8
90,on,0,on,90,9
90,on,0,on,135,0
90,on,0,on,135,1
90,on,0,on,135,2
90,on,0,on,135,3
90,on,0,on,135,4
90,on,0,on,135,5
90,on,0,on,135,6
90,on,0,on,135,7
90,on,0,on,135,8
90,on,0,on,135,9
90,on,0,off,45,0
90,on,0,off,45,1
90,on,0,off,45,2
90,on,0,off,45,3
90,on,0,off,45,4
90,on,0,off,45,5
90,on,0,off,45,6
90,on,0,off,45,7
90,on,0,off,45,8
90,on,0,off,45,9
90,on,0,off,90,0
90,on,0,off,90,1
90,on,0,off,90,2
90,on,0,off,90,3
90,on,0,off,90,4
90,on,0,off,90,5
90,on,0,off,90,6
90,on,0,off,90,7
90,on,0,off,90,8
90,on,0,off,90,9
90,on,0,off,135,0
90,on,0,off,135,1
90,on,0,off,135,2
90,on,0,off,135,3
90,on,0,off,135,4
90,on,0,off,135,5
90,on,0,off,135,6
90,on,0,off,135,7
90,on,0,off,135,8
90,on,0,off,135,9
90,on,1,on,45,0
90,on,1,on,45,1
90,on,1,on,45,2
90,on,1,on,45,3
90,on,1,on,45,4
90,on,1,on,45,5
90,on,1,on,45,6
90,on,1,on,45,7
90,on,1,on,45,8
90,on,1,on,45,9
90,on,1,on,90,0
90,on,1,on,90,1
90,on,1,on,90,2
90,on,1,on,90,3
90,on,1,on,90,4
90,on,1,on,90,5
90,on,1,on,90,6
90,on,1,on,90,7
90,on,1,on,90,8
90,on,1,on,90,9
90,on,1,on,135,0
90,on,1,on,135,1
90,on,1,on,135,2
90,on,1,on,135,3
90,on,1,on,135,4
90,on,1,on,135,5
90,on,1,on,135,6
90,on,1,on,135,7
90,on,1,on,135,8
90,on,1,on,135,9
90,on,1,off,45,0
90,on,1,off,45,1
90,on,1,off,45,2
90,on,1,off,45,3
90,on,1,off,45,4
90,on,1,off,45,5
90,on,1,off,45,6
90,on,1,off,45,7
90,on,1,off,45,8
90,on,1,off,45,9
90,on,1,off,90,0
90,on,1,off,90,1
90,on,1,off,90,2
90,on,1,off,90,3
90,on,1,off,90,4
90,on,1,off,90,5
90,on,1,off,90,6
90,on,1,off,90,7
90,on,1,off,90,8
90,on,1,off,90,9
90,on,1,off,135,0
90,on,1,off,135,1
90,on,1,off,135,2
90,on,1,off,135,3
90,on,1,off,135,4
90,on,1,off,135,5
90,on,1,off,135,6
90,on,1,off,135,7
90,on,1,off,135,8
90,on,1,off,135,9
90,on,2,on,45,0
90,on,2,on,45,1
90,on,2,on,45,2
90,on,2,on,45,3
90,on,2,on,45,4
90,on,2,on,45,5
90,on,2,on,45,6
90,on,2,on,45,7
90,on,2,on,45,8
90,on,2,on,45,9
90,on,2,on,90,0
90,on,2,on,90,1
90,on,2,on,90,2
90,on,2,on,90,3
90,on,2,on,90,4
90,on,2,on,90,5
90,on,2,on,90,6
90,on,2,on,90,7
90,on,2,on,90,8
90,on,2,on,90,9
90,on,2,on,135,0
90,on,2,on,135,1
90,on,2,on,135,2
90,on,2,on,135,3
90,on,2,on,135,4
90,on,2,on,135,5
90,on,2,on,135,6
90,on,2,on,135,7
90,on,2,on,135,8
90,on,2,on,135,9
90,on,2,off,45,0
90,on,2,off,45,1
90,on,2,off,45,2
90,on,2,off,45,3
90,on,2,off,45,4
90,on,2,off,45,5
90,on,2,off,45,6
90,on,2,off,45,7
90,on,2,off,45,8
90,on,2,off,45,9
90,on,2,off,90,0
90,on,2,off,90,1
90,on,2,off,90,2
90,on,2,off,90,3
90,on,2,off,90,4
90,on,2,off,90,5
90,on,2,off,90,6
90,on,2,off,90,7
90,on,2,off,90,8
90,on,2,off,90,9
90,on,2,off,135,0
90,on,2,off,135,1
90,on,2,off,135,2
90,on,2,off,135,3
90,on,2,off,135,4
90,on,2,off,135,5
90,on,2,off,135,6
90,on,2,off,135,7
90,on,2,off,135,8
90,on,2,off,135,9
90,on,3,on,45,0
90,on,3,on,45,1
90,on,3,on,45,2
90,on,3,on,45,3
90,on,3,on,45,4
90,on,3,on,45,5
90,on,3,on,45,6
90,on,3,on,45,7
90,on,3,on,45,8
90,on,3,on,45,9
90,on,3,on,90,0
90,on,3,on,90,1
90,on,3,on,90,2
90,on,3,on,90,3
90,on,3,on,90,4
90,on,3,on,90,5
90,on,3,on,90,6
90,on,3,on,90,7
90,on,3,on,90,8
90,on,3,on,90,9
90,on,3,on,135,0
90,on,3,on,135,1
90,on,3,on,135,2
90,on,3,on,135,3
90,on,3,on,135,4
90,on,3,on,135,5
90,on,3,on,135,6
90,on,3,on,135,7
90,on,3,on,135,8
90,on,3,on,135,9
90,on,3,off,45,0
90,on,3,off,45,1
90,on,3,off,45,2
90,on,3,off,45,3
90,on,3,off,45,4
90,on,3,off,45,5
90,on,3,off,45,6
90,on,3,off,45,7
90,on,3,off,45,8
90,on,3,off,45,9
90,on,3,off,90,0
90,on,3,off,90,1
90,on,3,off,90,2
90,on,3,off,90,3
90,on,3,off,90,4
90,on,3,off,90,5
90,on,3,off,90,6
90,on,3,off,90,7
90,on,3,off,90,8
90,on,3,off,90,9
90,on,3,off,135,0
90,on,3,off,135,1
90,on,3,off,135,2
90,on,3,off,135,3
90,on,3,off,135,4
90,on,3,off,135,5
90,on,3,off,135,6
90,on,3,off,135,7
90,on,3,off,135,8
90,on,3,off,135,9
90,on,4,on,45,0
90,on,4,on,45,1
90,on,4,on,45,2
90,on,4,on,45,3
90,on,4,on,45,4
90,on,4,on,45,5
90,on,4,on,45,6
90,on,4,on,45,7
90,on,4,on,45,8
90,on,4,on,45,9
90,on,4,on,90,0
90,on,4,on,90,1
90,on,4,on,90,2
90,on,4,on,90,3
90,on,4,on,90,4
90,on,4,on,90,5
90,on,4,on,90,6
90,on,4,on,90,7
90,on,4,on,90,8
90,on,4,on,90,9
90,on,4,on,135,0
90,on,4,on,135,1
90,on,4,on,135,2
90,on,4,on,135,3
90,on,4,on,135,4
90,on,4,on,135,5
90,on,4,on,135,6
90,on,4,on,135,7
90,on,4,on,135,8
90,on,4,on,135,9
90,on,4,off,45,0
90,on,4,off,45,1
90,on,4,off,45,2
90,on,4,off,45,3
90,on,4,off,45,4
90,on,4,off,45,5
90,on,4,off,45,6
90,on,4,off,45,7
90,on,4,off,45,8
90,on,4,off,45,9
90,on,4,off,90,0
90,on,4,off,90,1
90,on,4,off,90,2
90,on,4,off,90,3
90,on,4,off,90,4
90,on,4,off,90,5
90,on,4,off,90,6
90,on,4,off,90,7
90,on,4,off,90,8
90,on,4,off,90,9
90,on,4,off,135,0
90,on,4,off,135,1
90,on,4,off,135,2
90,on,4,off,135,3
90,on,4,off,135,4
90,on,4,off,135,5
90,on,4,off,135,6
90,on,4,off,135,7
90,on,4,off,135,8
90,on,4,off,135,9
90,off,0,on,45,0
90,off,0,on,45,1
90,off,0,on,45,2
90,off,0,on,45,3
90,off,0,on,45,4
90,off,0,on,45,5
90,off,0,on,45,6
90,off,0,on,45,7
90,off,0,on,45,8
90,off,0,on,45,9
90,off,0,on,90,0
90,off,0,on,90,1
90,off,0,on,90,2
90,off,0,on,90,3
90,off,0,on,90,4
90,off,0,on,90,5
90,off,0,on,90,6
90,off,0,on,90,7
90,off,0,on,90,8
90,off,0,on,90,9
90,off,0,on,135,0
90,off,0,on,135,1
90,off,0,on,135,2
90,off,0,on,135,3
90,off,0,on,135,4
90,off,0,on,135,5
90,off,0,on,135,6
90,off,0,on,135,7
90,off,0,on,135,8
90,off,0,on,135,9
90,off,0,off,45,0
90,off,0,off,45,1
90,off,0,off,45,2
90,off,0,off,45,3
90,off,0,off,45,4
90,off,0,off,45,5
90,off,0,off,45,6
90,off,0,off,45,7
90,off,0,off,45,8
90,off,0,off,45,9
90,off,0,off,90,0
90,off,0,off,90,1
90,off,0,off,90,2
90,off,0,off,90,3
90,off,0,off,90,4
90,off,0,off,90,5
90,off,0,off,90,6
90,off,0,off,90,7
90,off,0,off,90,8
90,off,0,off,90,9
90,off,0,off,135,0
90,off,0,off,135,1
90,off,0,off,135,2
90,off,0,off,135,3
90,off,0,off,135,4
90,off,0,off,135,5
90,off,0,off,135,6
90,off,0,off,135,7
90,off,0,off,135,8
90,off,0,off,135,9
90,off,1,on,45,0
90,off,1,on,45,1
90,off,1,on,45,2
90,off,1,on,45,3
90,off,1,on,45,4
90,off,1,on,45,5
90,off,1,on,45,6
90,off,1,on,45,7
90,off,1,on,45,8
90,off,1,on,45,9
90,off,1,on,90,0
90,off,1,on,90,1
90,off,1,on,90,2
90,off,1,on,90,3
90,off,1,on,90,4
90,off,1,on,90,5
90,off,1,on,90,6
90,off,1,on,90,7
90,off,1,on,90,8
90,off,1,on,90,9
90,off,1,on,135,0
90,off,1,on,135,1
90,off,1,on,135,2
90,off,1,on,135,3
90,off,1,on,135,4
90,off,1,on,135,5
90,off,1,on,135,6
90,off,1,on,135,7
90,off,1,on,135,8
90,off,1,on,135,9
90,off,1,off,45,0
90,off,1,off,45,1
90,off,1,off,45,2
90,off,1,off,45,3
90,off,1,off,45,4
90,off,1,off,45,5
90,off,1,off,45,6
90,off,1,off,45,7
90,off,1,off,45,8
90,off,1,off,45,9
90,off,1,off,90,0
90,off,1,off,90,1
90,off,1,off,90,2
90,off,1,off,90,3
90,off,1,off,90,4
90,off,1,off,90,5
90,off,1,off,90,6
90,off,1,off,90,7
90,off,1,off,90,8
90,off,1,off,90,9
90,off,1,off,135,0
90,off,1,off,135,1
90,off,1,off,135,2
90,off,1,off,135,3
90,off,1,off,135,4
90,off,1,off,135,5
90,off,1,off,135,6
90,off,1,off,135,7
90,off,1,off,135,8
90,off,1,off,135,9
90,off,2,on,45,0
90,off,2,on,45,1
90,off,2,on,45,2
90,off,2,on,45,3
90,off,2,on,45,4
90,off,2,on,45,5
90,off,2,on,45,6
90,off,2,on,45,7
90,off,2,on,45,8
90,off,2,on,45,9
90,off,2,on,90,0
90,off,2,on,90,1
90,off,2,on,90,2
90,off,2,on,90,3
90,off,2,on,90,4
90,off,2,on,90,5
90,off,2,on,90,6
90,off,2,on,90,7
90,off,2,on,90,8
90,off,2,on,90,9
90,off,2,on,135,0
90,off,2,on,135,1
90,off,2,on,135,2
90,off,2,on,135,3
90,off,2,on,135,4
90,off,2,on,135,5
90,off,2,on,135,6
90,off,2,on,135,7
90,off,2,on,135,8
90,off,2,on,135,9
90,off,2,off,45,0
90,off,2,off,45,1
90,off,2,off,45,2
90,off,2,off,45,3
90,off,2,off,45,4
90,off,2,off,45,5
90,off,2,off,45,6
90,off,2,off,45,7
90,off,2,off,45,8
90,off,2,off,45,9
90,off,2,off,90,0
90,off,2,off,90,1
90,off,2,off,90,2
90,off,2,off,90,3
90,off,2,off,90,4
90,off,2,off,90,5
90,off,2,off,90,6
90,off,2,off,90,7
90,off,2,off,90,8
90,off,2,off,90,9
90,off,2,off,135,0
90,off,2,off,135,1
90,off,2,off,135,2
90,off,2,off,135,3
90,off,2,off,135,4
90,off,2,off,135,5
90,off,2,off,135,6
90,off,2,off,135,7
90,off,2,off,135,8
90,off,2,off,135,9
90,off,3,on,45,0
90,off,3,on,45,1
90,off,3,on,45,2
90,off,3,on,45,3
90,off,3,on,45,4
90,off,3,on,45,5
90,off,3,on,45,6
90,off,3,on,45,7
90,off,3,on,45,8
90,off,3,on,45,9
90,off,3,on,90,0
90,off,3,on,90,1
90,off,3,on,90,2
90,off,3,on,90,3
90,off,3,on,90,4
90,off,3,on,90,5
90,off,3,on,90,6
90,off,3,on,90,7
90,off,3,on,90,8
90,off,3,on,90,9
90,off,3,on,135,0
90,off,3,on,135,1
90,off,3,on,135,2
90,off,3,on,135,3
90,off,3,on,135,4
90,off,3,on,135,5
90,off,3,on,135,6
90,off,3,on,135,7
90,off,3,on,135,8
90,off,3,on,135,9
90,off,3,off,45,0
90,off,3,off,45,1
90,off,3,off,45,2
90,off,3,off,45,3
90,off,3,off,45,4
90,off,3,off,45,5
90,off,3,off,45,6
90,off,3,off,45,7
90,off,3,off,45,8
90,off,3,off,45,9
90,off,3,off,90,0
90,off,3,off,90,1
90,off,3,off,90,2
90,off,3,off,90,3
90,off,3,off,90,4
90,off,3,off,90,5
90,off,3,off,90,6
90,off,3,off,90,7
90,off,3,off,90,8
90,off,3,off,90,9
90,off,3,off,135,0
90,off,3,off,135,1
90,off,3,off,135,2
90,off,3,off,135,3
90,off,3,off,135,4
90,off,3,off,135,5
90,off,3,off,135,6
90,off,3,off,135,7
90,off,3,off,135,8
90,off,3,off,135,9
90,off,4,on,45,0
90,off,4,on,45,1
90,off,4,on,45,2
90,off,4,on,45,3
90,off,4,on,45,4
90,off,4,on,45,5
90,off,4,on,45,6
90,off,4,on,45,7
90,off,4,on,45,8
90,off,4,on,45,9
90,off,4,on,90,0
90,off,4,on,90,1
90,off,4,on,90,2
90,off,4,on,90,3
90,off,4,on,90,4
90,off,4,on,90,5
90,off,4,on,90,6
90,off,4,on,90,7
90,off,4,on,90,8
90,off,4,on,90,9
90,off,4,on,135,0
90,off,4,on,135,1
90,off,4,on,135,2
90,off,4,on,135,3
90,off,4,on,135,4
90,off,4,on,135,5
90,off,4,on,135,6
90,off,4,on,135,7
90,off,4,on,135,8
90,off,4,on,135,9
90,off,4,off,45,0
90,off,4,off,45,1
90,off,4,off,45,2
90,off,4,off,45,3
90,off,4,off,45,4
90,off,4,off,45,5
90,off,4,off,45,6
90,off,4,off,45,7
90,off,4,off,45,8
90,off,4,off,45,9
90,off,4,off,90,0
90,off,4,off,90,1
90,off,4,off,90,2
90,off,4,off,90,3
90,off,4,off,90,4
90,off,4,off,90,5
90,off,4,off,90,6
90,off,4,off,90,7
90,off,4,off,90,8
90,off,4,off,90,9
90,off,4,off,135,0
90,off,4,off,135,1
90,off,4,off,135,2
90,off,4,off,135,3
90,off,4,off,135,4
90,off,4,off,135,5
90,off,4,off,135,6
90,off,4,off,135,7
90,off,4,off,135,8
90,off,4,off,135,9
135,on,0,on,45,0
135,on,0,on,45,1
135,on,0,on,45,2
135,on,0,on,45,3
135,on,0,on,45,4
135,on,0,on,45,5
135,on,0,on,45,6
135,on,0,on,45,7
135,on,0,on,45,8
135,on,0,on,45,9
135,on,0,on,90,0
135,on,0,on,90,1
135,on,0,on,90,2
135,on,0,on,90,3
135,on,0,on,90,4
135,on,0,on,90,5
135,on,0,on,90,6
135,on,0,on,90,7
135,on,0,on,90,8
135,on,0,on,90,9
135,on,0,on,135,0
135,on,0,on,135,1
135,on,0,on,135,2
135,on,0,on,135,3
135,on,0,on,135,4
135,on,0,on,135,5
135,on,0,on,135,6
135,on,0,on,135,7
135,on,0,on,135,8
135,on,0,on,135,9
135,on,0,off,45,0
135,on,0,off,45,1
135,on,0,off,45,2
135,on,0,off,45,3
135,on,0,off,45,4
135,on,0,off,45,5
135,on,0,off,45,6
135,on,0,off,45,7
135,on,0,off,45,8
135,on,0,off,45,9
135,on,0,off,90,0
135,on,0,off,90,1
135,on,0,off,90,2
135,on,0,off,90,3
135,on,0,off,90,4
135,on,0,off,90,5
135,on,0,off,90,6
135,on,0,off,90,7
135,on,0,off,90,8
135,on,0,off,90,9
135,on,0,off,135,0
135,on,0,off,135,1
135,on,0,off,135,2
135,on,0,off,135,3
135,on,0,off,135,4
135,on,0,off,135,5
135,on,0,off,135,6
135,on,0,off,135,7
135,on,0,off,135,8
135,on,0,off,135,9
135,on,1,on,45,0
135,on,1,on,45,1
135,on,1,on,45,2
135,on,1,on,45,3
135,on,1,on,45,4
135,on,1,on,45,5
135,on,1,on,45,6
135,on,1,on,45,7
135,on,1,on,45,8
135,on,1,on,45,9
135,on,1,on,90,0
135,on,1,on,90,1
135,on,1,on,90,2
135,on,1,on,90,3
135,on,1,on,90,4
135,on,1,on,90,5
135,on,1,on,90,6
135,on,1,on,90,7
135,on,1,on,90,8
135,on,1,on,90,9
135,on,1,on,135,0
135,on,1,on,135,1
135,on,1,on,135,2
135,on,1,on,135,3
135,on,1,on,135,4
135,on,1,on,135,5
135,on,1,on,135,6
135,on,1,on,135,7
135,on,1,on,135,8
135,on,1,on,135,9
135,on,1,off,45,0
135,on,1,off,45,1
135,on,1,off,45,2
135,on,1,off,45,3
135,on,1,off,45,4
135,on,1,off,45,5
135,on,1,off,45,6
135,on,1,off,45,7
135,on,1,off,45,8
135,on,1,off,45,9
135,on,1,off,90,0
135,on,1,off,90,1
135,on,1,off,90,2
135,on,1,off,90,3
135,on,1,off,90,4
135,on,1,off,90,5
135,on,1,off,90,6
135,on,1,off,90,7
135,on,1,off,90,8
135,on,1,off,90,9
135,on,1,off,135,0
135,on,1,off,135,1
135,on,1,off,135,2
135,on,1,off,135,3
135,on,1,off,135,4
135,on,1,off,135,5
135,on,1,off,135,6
135,on,1,off,135,7
135,on,1,off,135,8
135,on,1,off,135,9
135,on,2,on,45,0
135,on,2,on,45,1
135,on,2,on,45,2
135,on,2,on,45,3
135,on,2,on,45,4
135,on,2,on,45,5
135,on,2,on,45,6
135,on,2,on,45,7
135,on,2,on,45,8
135,on,2,on,45,9
135,on,2,on,90,0
135,on,2,on,90,1
135,on,2,on,90,2
135,on,2,on,90,3
135,on,2,on,90,4
135,on,2,on,90,5
135,on,2,on,90,6
135,on,2,on,90,7
135,on,2,on,90,8
135,on,2,on,90,9
135,on,2,on,135,0
135,on,2,on,135,1
135,on,2,on,135,2
135,on,2,on,135,3
135,on,2,on,135,4
135,on,2,on,135,5
135,on,2,on,135,6
135,on,2,on,135,7
135,on,2,on,135,8
135,on,2,on,135,9
135,on,2,off,45,0
135,on,2,off,45,1
135,on,2,off,45,2
135,on,2,off,45,3
135,on,2,off,45,4
135,on,2,off,45,5
135,on,2,off,45,6
135,on,2,off,45,7
135,on,2,off,45,8
135,on,2,off,45,9
135,on,2,off,90,0
135,on,2,off,90,1
135,on,2,off,90,2
135,on,2,off,90,3
135,on,2,off,90,4
135,on,2,off,90,5
135,on,2,off,90,6
135,on,2,off,90,7
135,on,2,off,90,8
135,on,2,off,90,9
135,on,2,off,135,0
135,on,2,off,135,1
135,on,2,off,135,2
135,on,2,off,135,3
135,on,2,off,135,4
135,on,2,off,135,5
135,on,2,off,135,6
135,on,2,off,135,7
135,on,2,off,135,8
135,on,2,off,135,9
135,on,3,on,45,0
135,on,3,on,45,1
135,on,3,on,45,2
135,on,3,on,45,3
135,on,3,on,45,4
135,on,3,on,45,5
135,on,3,on,45,6
135,on,3,on,45,7
135,on,3,on,45,8
135,on,3,on,45,9
135,on,3,on,90,0
135,on,3,on,90,1
135,on,3,on,90,2
135,on,3,on,90,3
135,on,3,on,90,4
135,on,3,on,90,5
135,on,3,on,90,6
135,on,3,on,90,7
135,on,3,on,90,8
135,on,3,on,90,9
135,on,3,on,135,0
135,on,3,on,135,1
135,on,3,on,135,2
135,on,3,on,135,3
135,on,3,on,135,4
135,on,3,on,135,5
135,on,3,on,135,6
135,on,3,on,135,7
135,on,3,on,135,8
135,on,3,on,135,9
135,on,3,off,45,0
135,on,3,off,45,1
135,on,3,off,45,2
135,on,3,off,45,3
135,on,3,off,45,4
135,on,3,off,45,5
135,on,3,off,45,6
135,on,3,off,45,7
135,on,3,off,45,8
135,on,3,off,45,9
135,on,3,off,90,0
135,on,3,off,90,1
135,on,3,off,90,2
135,on,3,off,90,3
135,on,3,off,90,4
135,on,3,off,90,5
135,on,3,off,90,6
135,on,3,off,90,7
135,on,3,off,90,8
135,on,3,off,90,9
135,on,3,off,135,0
135,on,3,off,135,1
135,on,3,off,135,2
135,on,3,off,135,3
135,on,3,off,135,4
135,on,3,off,135,5
135,on,3,off,135,6
135,on,3,off,135,7
135,on,3,off,135,8
135,on,3,off,135,9
135,on,4,on,45,0
135,on,4,on,45,1
135,on,4,on,45,2
135,on,4,on,45,3
135,on,4,on,45,4
135,on,4,on,45,5
135,on,4,on,45,6
135,on,4,on,45,7
135,on,4,on,45,8
135,on,4,on,45,9
135,on,4,on,90,0
135,on,4,on,90,1
135,on,4,on,90,2
135,on,4,on,90,3
135,on,4,on,90,4
135,on,4,on,90,5
135,on,4,on,90,6
135,on,4,on,90,7
135,on,4,on,90,8
135,on,4,on,90,9
135,on,4,on,135,0
135,on,4,on,135,1
135,on,4,on,135,2
135,on,4,on,135,3
135,on,4,on,135,4
135,on,4,on,135,5
135,on,4,on,135,6
135,on,4,on,135,7
135,on,4,on,135,8
135,on,4,on,135,9
135,on,4,off,45,0
135,on,4,off,45,1
135,on,4,off,45,2
135,on,4,off,45,3
135,on,4,off,45,4
135,on,4,off,45,5
135,on,4,off,45,6
135,on,4,off,45,7
135,on,4,off,45,8
135,on,4,off,45,9
135,on,4,off,90,0
135,on,4,off,90,1
135,on,4,off,90,2
135,on,4,off,90,3
135,on,4,off,90,4
135,on,4,off,90,5
135,on,4,off,90,6
135,on,4,off,90,7
135,on,4,off,90,8
135,on,4,off,90,9
135,on,4,off,135,0
135,on,4,off,135,1
135,on,4,off,135,2
135,on,4,off,135,3
135,on,4,off,135,4
135,on,4,off,135,5
135,on,4,off,135,6
135,on,4,off,135,7
135,on,4,off,135,8
135,on,4,off,135,9
135,off,0,on,45,0
135,off,0,on,45,1
135,off,0,on,45,2
135,off,0,on,45,3
135,off,0,on,45,4
135,off,0,on,45,5
135,off,0,on,45,6
135,off,0,on,45,7
135,off,0,on,45,8
135,off,0,on,45,9
135,off,0,on,90,0
135,off,0,on,90,1
135,off,0,on,90,2
135,off,0,on,90,3
135,off,0,on,90,4
135,off,0,on,90,5
135,off,0,on,90,6
135,off,0,on,90,7
135,off,0,on,90,8
135,off,0,on,90,9
135,off,0,on,135,0
135,off,0,on,135,1
135,off,0,on,135,2
135,off,0,on,135,3
135,off,0,on,135,4
135,off,0,on,135,5
135,off,0,on,135,6
135,off,0,on,135,7
135,off,0,on,135,8
135,off,0,on,135,9
135,off,0,off,45,0
135,off,0,off,45,1
135,off,0,off,45,2
135,off,0,off,45,3
135,off,0,off,45,4
135,off,0,off,45,5
135,off,0,off,45,6
135,off,0,off,45,7
135,off,0,off,45,8
135,off,0,off,45,9
135,off,0,off,90,0
135,off,0,off,90,1
135,off,0,off,90,2
135,off,0,off,90,3
135,off,0,off,90,4
135,off,0,off,90,5
135,off,0,off,90,6
135,off,0,off,90,7
135,off,0,off,90,8
135,off,0,off,90,9
135,off,0,off,135,0
135,off,0,off,135,1
135,off,0,off,135,2
135,off,0,off,135,3
135,off,0,off,135,4
135,off,0,off,135,5
135,off,0,off,135,6
135,off,0,off,135,7
135,off,0,off,135,8
135,off,0,off,135,9
135,off,1,on,45,0
135,off,1,on,45,1
135,off,1,on,45,2
135,off,1,on,45,3
135,off,1,on,45,4
135,off,1,on,45,5
135,off,1,on,45,6
135,off,1,on,45,7
135,off,1,on,45,8
135,off,1,on,45,9
135,off,1,on,90,0
135,off,1,on,90,1
135,off,1,on,90,2
135,off,1,on,90,3
135,off,1,on,90,4
135,off,1,on,90,5
135,off,1,on,90,6
135,off,1,on,90,7
135,off,1,on,90,8
135,off,1,on,90,9
135,off,1,on,135,0
135,off,1,on,135,1
135,off,1,on,135,2
135,off,1,on,135,3
135,off,1,on,135,4
135,off,1,on,135,5
135,off,1,on,135,6
135,off,1,on,135,7
135,off,1,on,135,8
135,off,1,on,135,9
135,off,1,off,45,0
135,off,1,off,45,1
135,off,1,off,45,2
135,off,1,off,45,3
135,off,1,off,45,4
135,off,1,off,45,5
135,off,1,off,45,6
135,off,1,off,45,7
135,off,1,off,45,8
135,off,1,off,45,9
135,off,1,off,90,0
135,off,1,off,90,1
135,off,1,off,90,2
135,off,1,off,90,3
135,off,1,off,90,4
135,off,1,off,90,5
135,off,1,off,90,6
135,off,1,off,90,7
135,off,1,off,90,8
135,off,1,off,90,9
135,off,1,off,135,0
135,off,1,off,135,1
135,off,1,off,135,2
135,off,1,off,135,3
135,off,1,off,135,4
135,off,1,off,135,5
135,off,1,off,135,6
135,off,1,off,135,7
135,off,1,off,135,8
135,off,1,off,135,9
135,off,2,on,45,0
135,off,2,on,45,1
135,off,2,on,45,2
135,off,2,on,45,3
135,off,2,on,45,4
135,off,2,on,45,5
135,off,2,on,45,6
135,off,2,on,45,7
135,off,2,on,45,8
135,off,2,on,45,9
135,off,2,on,90,0
135,off,2,on,90,1
135,off,2,on,90,2
135,off,2,on,90,3
135,off,2,on,90,4
135,off,2,on,90,5
135,off,2,on,90,6
135,off,2,on,90,7
135,off,2,on,90,8
135,off,2,on,90,9
135,off,2,on,135,0
135,off,2,on,135,1
135,off,2,on,135,2
135,off,2,on,135,3
135,off,2,on,135,4
135,off,2,on,135,5
135,off,2,on,135,6
135,off,2,on,135,7
135,off,2,on,135,8
135,off,2,on,135,9
135,off,2,off,45,0
135,off,2,off,45,1
135,off,2,off,45,2
135,off,2,off,45,3
135,off,2,off,45,4
135,off,2,off,45,5
135,off,2,off,45,6
135,off,2,off,45,7
135,off,2,off,45,8
135,off,2,off,45,9
135,off,2,off,90,0
135,off,2,off,90,1
135,off,2,off,90,2
135,off,2,off,90,3
135,off,2,off,90,4
135,off,2,off,90,5
135,off,2,off,90,6
135,off,2,off,90,7
135,off,2,off,90,8
135,off,2,off,90,9
135,off,2,off,135,0
135,off,2,off,135,1
135,off,2,off,135,2
135,off,2,off,135,3
135,off,2,off,135,4
135,off,2,off,135,5
135,off,2,off,135,6
135,off,2,off,135,7
135,off,2,off,135,8
135,off,2,off,135,9
135,off,3,on,45,0
135,off,3,on,45,1
135,off,3,on,45,2
135,off,3,on,45,3
135,off,3,on,45,4
135,off,3,on,45,5
135,off,3,on,45,6
135,off,3,on,45,7
135,off,3,on,45,8
135,off,3,on,45,9
135,off,3,on,90,0
135,off,3,on,90,1
135,off,3,on,90,2
135,off,3,on,90,3
135,off,3,on,90,4
135,off,3,on,90,5
135,off,3,on,90,6
135,off,3,on,90,7
135,off,3,on,90,8
135,off,3,on,90,9
135,off,3,on,135,0
135,off,3,on,135,1
135,off,3,on,135,2
135,off,3,on,135,3
135,off,3,on,135,4
135,off,3,on,135,5
135,off,3,on,135,6
135,off,3,on,135,7
135,off,3,on,135,8
135,off,3,on,135,9
135,off,3,off,45,0
135,off,3,off,45,1
135,off,3,off,45,2
135,off,3,off,45,3
135,off,3,off,45,4
135,off,3,off,45,5
135,off,3,off,45,6
135,off,3,off,45,7
135,off,3,off,45,8
135,off,3,off,45,9
135,off,3,off,90,0
135,off,3,off,90,1
135,off,3,off,90,2
135,off,3,off,90,3
135,off,3,off,90,4
135,off,3,off,90,5
135,off,3,off,90,6
135,off,3,off,90,7
135,off,3,off,90,8
135,off,3,off,90,9
135,off,3,off,135,0
135,off,3,off,135,1
135,off,3,off,135,2
135,off,3,off,135,3
135,off,3,off,135,4
135,off,3,off,135,5
135,off,3,off,135,6
135,off,3,off,135,7
135,off,3,off,135,8
135,off,3,off,135,9
135,off,4,on,45,0
135,off,4,on,45,1
135,off,4,on,45,2
135,off,4,on,45,3
135,off,4,on,45,4
135,off,4,on,45,5
135,off,4,on,45,6
135,off,4,on,45,7
135,off,4,on,45,8
135,off,4,on,45,9
135,off,4,on,90,0
135,off,4,on,90,1
135,off,4,on,90,2
135,off,4,on,90,3
135,off,4,on,90,4
135,off,4,on,90,5
135,off,4,on,90,6
135,off,4,on,90,7
135,off,4,on,90,8
135,off,4,on,90,9
135,off,4,on,135,0
135,off,4,on,135,1
135,off,4,on,135,2
135,off,4,on,135,3
135,off,4,on,135,4
135,off,4,on,135,5
135,off,4,on,135,6
135,off,4,on,135,7
135,off,4,on,135,8
135,off,4,on,135,9
135,off,4,off,45,0
135,off,4,off,45,1
135,off,4,off,45,2
135,off,4,off,45,3
135,off,4,off,45,4
135,off,4,off,45,5
135,off,4,off,45,6
135,off,4,off,45,7
135,off,4,off,45,8
135,off,4,off,45,9
135,off,4,off,90,0
135,off,4,off,90,1
135,off,4,off,90,2
135,off,4,off,90,3
135,off,4,off,90,4
135,off,4,off,90,5
135,off,4,off,90,6
135,off,4,off,90,7
135,off,4,off,90,8
135,off,4,off,90,9
135,off,4,off,135,0
135,off,4,off,135,1
135,off,4,off,135,2
135,off,4,off,135,3
135,off,4,off,135,4
135,off,4,off,135,5
135,off,4,off,135,6
135,off,4,off,135,7
135,off,4,off,135,8
135,off,4,off,135,9
180,on,0,on,45,0
180,on,0,on,45,1
180,on,0,on,45,2
180,on,0,on,45,3
180,on,0,on,45,4
180,on,0,on,45,5
180,on,0,on,45,6
180,on,0,on,45,7
180,on,0,on,45,8
180,on,0,on,45,9
180,on,0,on,90,0
180,on,0,on,90,1
180,on,0,on,90,2
180,on,0,on,90,3
180,on,0,on,90,4
180,on,0,on,90,5
180,on,0,on,90,6
180,on,0,on,90,7
180,on,0,on,90,8
180,on,0,on,90,9
180,on,0,on,135,0
180,on,0,on,135,1
180,on,0,on,135,2
180,on,0,on,135,3
180,on,0,on,135,4
180,on,0,on,135,5
180,on,0,on,135,6
180,on,0,on,135,7
180,on,0,on,135,8
180,on,0,on,135,9
180,on,0,off,45,0
180,on,0,off,45,1
180,on,0,off,45,2
180,on,0,off,45,3
180,on,0,off,45,4
180,on,0,off,45,5
180,on,0,off,45,6
180,on,0,off,45,7
180,on,0,off,45,8
180,on,0,off,45,9
180,on,0,off,90,0
180,on,0,off,90,1
180,on,0,off,90,2
180,on,0,off,90,3
180,on,0,off,90,4
180,on,0,off,90,5
180,on,0,off,90,6
180,on,0,off,90,7
180,on,0,off,90,8
180,on,0,off,90,9
180,on,0,off,135,0
180,on,0,off,135,1
180,on,0,off,135,2
180,on,0,off,135,3
180,on,0,off,135,4
180,on,0,off,135,5
180,on,0,off,135,6
180,on,0,off,135,7
180,on,0,off,135,8
180,on,0,off,135,9
180,on,1,on,45,0
180,on,1,on,45,1
180,on,1,on,45,2
180,on,1,on,45,3
180,on,1,on,45,4
180,on,1,on,45,5
180,on,1,on,45,6
180,on,1,on,45,7
180,on,1,on,45,8
180,on,1,on,45,9
180,on,1,on,90,0
180,on,1,on,90,1
180,on,1,on,90,2
180,on,1,on,90,3
180,on,1,on,90,4
180,on,1,on,90,5
180,on,1,on,90,6
180,on,1,on,90,7
180,on,1,on,90,8
180,on,1,on,90,9
180,on,1,on,135,0
180,on,1,on,135,1
180,on,1,on,135,2
180,on,1,on,135,3
180,on,1,on,135,4
180,on,1,on,135,5
180,on,1,on,135,6
180,on,1,on,135,7
180,on,1,on,135,8
180,on,1,on,135,9
180,on,1,off,45,0
180,on,1,off,45,1
180,on,1,off,45,2
180,on,1,off,45,3
180,on,1,off,45,4
180,on,1,off,45,5
180,on,1,off,45,6
180,on,1,off,45,7
180,on,1,off,45,8
180,on,1,off,45,9
180,on,1,off,90,0
180,on,1,off,90,1
180,on,1,off,90,2
180,on,1,off,90,3
180,on,1,off,90,4
180,on,1,off,90,5
180,on,1,off,90,6
180,on,1,off,90,7
180,on,1,off,90,8
180,on,1,off,90,9
180,on,1,off,135,0
180,on,1,off,135,1
180,on,1,off,135,2
180,on,1,off,135,3
180,on,1,off,135,4
180,on,1,off,135,5
180,on,1,off,135,6
180,on,1,off,135,7
180,on,1,off,135,8
180,on,1,off,135,9
180,on,2,on,45,0
180,on,2,on,45,1
180,on,2,on,45,2
180,on,2,on,45,3
180,on,2,on,45,4
180,on,2,on,45,5
180,on,2,on,45,6
180,on,2,on,45,7
180,on,2,on,45,8
180,on,2,on,45,9
180,on,2,on,90,0
180,on,2,on,90,1
180,on,2,on,90,2
180,on,2,on,90,3
180,on,2,on,90,4
180,on,2,on,90,5
180,on,2,on,90,6
180,on,2,on,90,7
180,on,2,on,90,8
180,on,2,on,90,9
180,on,2,on,135,0
180,on,2,on,135,1
180,on,2,on,135,2
180,on,2,on,135,3
180,on,2,on,135,4
180,on,2,on,135,5
180,on,2,on,135,6
180,on,2,on,135,7
180,on,2,on,135,8
180,on,2,on,135,9
180,on,2,off,45,0
180,on,2,off,45,1
180,on,2,off,45,2
180,on,2,off,45,3
180,on,2,off,45,4
180,on,2,off,45,5
180,on,2,off,45,6
180,on,2,off,45,7
180,on,2,off,45,8
180,on,2,off,45,9
180,on,2,off,90,0
180,on,2,off,90,1
180,on,2,off,90,2
180,on,2,off,90,3
180,on,2,off,90,4
180,on,2,off,90,5
180,on,2,off,90,6
180,on,2,off,90,7
180,on,2,off,90,8
180,on,2,off,90,9
180,on,2,off,135,0
180,on,2,off,135,1
180,on,2,off,135,2
180,on,2,off,135,3
180,on,2,off,135,4
180,on,2,off,135,5
180,on,2,off,135,6
180,on,2,off,135,7
180,on,2,off,135,8
180,on,2,off,135,9
180,on,3,on,45,0
180,on,3,on,45,1
180,on,3,on,45,2
180,on,3,on,45,3
180,on,3,on,45,4
180,on,3,on,45,5
180,on,3,on,45,6
180,on,3,on,45,7
180,on,3,on,45,8
180,on,3,on,45,9
180,on,3,on,90,0
180,on,3,on,90,1
180,on,3,on,90,2
180,on,3,on,90,3
180,on,3,on,90,4
180,on,3,on,90,5
180,on,3,on,90,6
180,on,3,on,90,7
180,on,3,on,90,8
180,on,3,on,90,9
180,on,3,on,135,0
180,on,3,on,135,1
180,on,3,on,135,2
180,on,3,on,135,3
180,on,3,on,135,4
180,on,3,on,135,5
180,on,3,on,135,6
180,on,3,on,135,7
180,on,3,on,135,8
180,on,3,on,135,9
180,on,3,off,45,0
180,on,3,off,45,1
180,on,3,off,45,2
180,on,3,off,45,3
180,on,3,off,45,4
180,on,3,off,45,5
180,on,3,off,45,6
180,on,3,off,45,7
180,on,3,off,45,8
180,on,3,off,45,9
180,on,3,off,90,0
180,on,3,off,90,1
180,on,3,off,90,2
180,on,3,off,90,3
180,on,3,off,90,4
180,on,3,off,90,5
180,on,3,off,90,6
180,on,3,off,90,7
180,on,3,off,90,8
180,on,3,off,90,9
180,on,3,off,135,0
180,on,3,off,135,1
180,on,3,off,135,2
180,on,3,off,135,3
180,on,3,off,135,4
180,on,3,off,135,5
180,on,3,off,135,6
180,on,3,off,135,7
180,on,3,off,135,8
180,on,3,off,135,9
180,on,4,on,45,0
180,on,4,on,45,1
180,on,4,on,45,2
180,on,4,on,45,3
180,on,4,on,45,4
180,on,4,on,45,5
180,on,4,on,45,6
180,on,4,on,45,7
180,on,4,on,45,8
180,on,4,on,45,9
180,on,4,on,90,0
180,on,4,on,90,1
180,on,4,on,90,2
180,on,4,on,90,3
180,on,4,on,90,4
180,on,4,on,90,5
180,on,4,on,90,6
180,on,4,on,90,7
180,on,4,on,90,8
180,on,4,on,90,9
180,on,4,on,135,0
180,on,4,on,135,1
180,on,4,on,135,2
180,on,4,on,135,3
180,on,4,on,135,4
180,on,4,on,135,5
180,on,4,on,135,6
180,on,4,on,135,7
180,on,4,on,135,8
180,on,4,on,135,9
180,on,4,off,45,0
180,on,4,off,45,1
180,on,4,off,45,2
180,on,4,off,45,3
180,on,4,off,45,4
180,on,4,off,45,5
180,on,4,off,45,6
180,on,4,off,45,7
180,on,4,off,45,8
180,on,4,off,45,9
180,on,4,off,90,0
180,on,4,off,90,1
180,on,4,off,90,2
180,on,4,off,90,3
180,on,4,off,90,4
180,on,4,off,90,5
180,on,4,off,90,6
180,on,4,off,90,7
180,on,4,off,90,8
180,on,4,off,90,9
180,on,4,off,135,0
180,on,4,off,135,1
180,on,4,off,135,2
180,on,4,off,135,3
180,on,4,off,135,4
180,on,4,off,135,5
180,on,4,off,135,6
180,on,4,off,135,7
180,on,4,off,135,8
180,on,4,off,135,9
180,off,0,on,45,0
180,off,0,on,45,1
180,off,0,on,45,2
180,off,0,on,45,3
180,off,0,on,45,4
180,off,0,on,45,5
180,off,0,on,45,6
180,off,0,on,45,7
180,off,0,on,45,8
180,off,0,on,45,9
180,off,0,on,90,0
180,off,0,on,90,1
180,off,0,on,90,2
180,off,0,on,90,3
180,off,0,on,90,4
180,off,0,on,90,5
180,off,0,on,90,6
180,off,0,on,90,7
180,off,0,on,90,8
180,off,0,on,90,9
180,off,0,on,135,0
180,off,0,on,135,1
180,off,0,on,135,2
180,off,0,on,135,3
180,off,0,on,135,4
180,off,0,on,135,5
180,off,0,on,135,6
180,off,0,on,135,7
180,off,0,on,135,8
180,off,0,on,135,9
180,off,0,off,45,0
180,off,0,off,45,1
180,off,0,off,45,2
180,off,0,off,45,3
180,off,0,off,45,4
180,off,0,off,45,5
180,off,0,off,45,6
180,off,0,off,45,7
180,off,0,off,45,8
180,off,0,off,45,9
180,off,0,off,90,0
180,off,0,off,90,1
180,off,0,off,90,2
180,off,0,off,90,3
180,off,0,off,90,4
180,off,0,off,90,5
180,off,0,off,90,6
180,off,0,off,90,7
180,off,0,off,90,8
180,off,0,off,90,9
180,off,0,off,135,0
180,off,0,off,135,1
180,off,0,off,135,2
180,off,0,off,135,3
180,off,0,off,135,4
180,off,0,off,135,5
180,off,0,off,135,6
180,off,0,off,135,7
180,off,0,off,135,8
180,off,0,off,135,9
180,off,1,on,45,0
180,off,1,on,45,1
180,off,1,on,45,2
180,off,1,on,45,3
180,off,1,on,45,4
180,off,1,on,45,5
180,off,1,on,45,6
180,off,1,on,45,7
180,off,1,on,45,8
180,off,1,on,45,9
180,off,1,on,90,0
180,off,1,on,90,1
180,off,1,on,90,2
180,off,1,on,90,3
180,off,1,on,90,4
180,off,1,on,90,5
180,off,1,on,90,6
180,off,1,on,90,7
180,off,1,on,90,8
180,off,1,on,90,9
180,off,1,on,135,0
180,off,1,on,135,1
180,off,1,on,135,2
180,off,1,on,135,3
180,off,1,on,135,4
180,off,1,on,135,5
180,off,1,on,135,6
180,off,1,on,135,7
180,off,1,on,135,8
180,off,1,on,135,9
180,off,1,off,45,0
180,off,1,off,45,1
180,off,1,off,45,2
180,off,1,off,45,3
180,off,1,off,45,4
180,off,1,off,45,5
180,off,1,off,45,6
180,off,1,off,45,7
180,off,1,off,45,8
180,off,1,off,45,9
180,off,1,off,90,0
180,off,1,off,90,1
180,off,1,off,90,2
180,off,1,off,90,3
180,off,1,off,90,4
180,off,1,off,90,5
180,off,1,off,90,6
180,off,1,off,90,7
180,off,1,off,90,8
180,off,1,off,90,9
180,off,1,off,135,0
180,off,1,off,135,1
180,off,1,off,135,2
180,off,1,off,135,3
180,off,1,off,135,4
180,off,1,off,135,5
180,off,1,off,135,6
180,off,1,off,135,7
180,off,1,off,135,8
180,off,1,off,135,9
180,off,2,on,45,0
180,off,2,on,45,1
180,off,2,on,45,2
180,off,2,on,45,3
180,off,2,on,45,4
180,off,2,on,45,5
180,off,2,on,45,6
180,off,2,on,45,7
180,off,2,on,45,8
180,off,2,on,45,9
180,off,2,on,90,0
180,off,2,on,90,1
180,off,2,on,90,2
180,off,2,on,90,3
180,off,2,on,90,4
180,off,2,on,90,5
180,off,2,on,90,6
180,off,2,on,90,7
180,off,2,on,90,8
180,off,2,on,90,9
180,off,2,on,135,0
180,off,2,on,135,1
180,off,2,on,135,2
180,off,2,on,135,3
180,off,2,on,135,4
180,off,2,on,135,5
180,off,2,on,135,6
180,off,2,on,135,7
180,off,2,on,135,8
180,off,2,on,135,9
180,off,2,off,45,0
180,off,2,off,45,1
180,off,2,off,45,2
180,off,2,off,45,3
180,off,2,off,45,4
180,off,2,off,45,5
180,off,2,off,45,6
180,off,2,off,45,7
180,off,2,off,45,8
180,off,2,off,45,9
180,off,2,off,90,0
180,off,2,off,90,1
180,off,2,off,90,2
180,off,2,off,90,3
180,off,2,off,90,4
180,off,2,off,90,5
180,off,2,off,90,6
180,off,2,off,90,7
180,off,2,off,90,8
180,off,2,off,90,9
180,off,2,off,135,0
180,off,2,off,135,1
180,off,2,off,135,2
180,off,2,off,135,3
180,off,2,off,135,4
180,off,2,off,135,5
180,off,2,off,135,6
180,off,2,off,135,7
180,off,2,off,135,8
180,off,2,off,135,9
180,off,3,on,45,0
180,off,3,on,45,1
180,off,3,on,45,2
180,off,3,on,45,3
180,off,3,on,45,4
180,off,3,on,45,5
180,off,3,on,45,6
180,off,3,on,45,7
180,off,3,on,45,8
180,off,3,on,45,9
180,off,3,on,90,0
180,off,3,on,90,1
180,off,3,on,90,2
180,off,3,on,90,3
180,off,3,on,90,4
180,off,3,on,90,5
180,off,3,on,90,6
180,off,3,on,90,7
180,off,3,on,90,8
180,off,3,on,90,9
180,off,3,on,135,0
180,off,3,on,135,1
180,off,3,on,135,2
180,off,3,on,135,3
180,off,3,on,135,4
180,off,3,on,135,5
180,off,3,on,135,6
180,off,3,on,135,7
180,off,3,on,135,8
180,off,3,on,135,9
180,off,3,off,45,0
180,off,3,off,45,1
180,off,3,off,45,2
180,off,3,off,45,3
180,off,3,off,45,4
180,off,3,off,45,5
180,off,3,off,45,6
180,off,3,off,45,7
180,off,3,off,45,8
180,off,3,off,45,9
180,off,3,off,90,0
180,off,3,off,90,1
180,off,3,off,90,2
180,off,3,off,90,3
180,off,3,off,90,4
180,off,3,off,90,5
180,off,3,off,90,6
180,off,3,off,90,7
180,off,3,off,90,8
180,off,3,off,90,9
180,off,3,off,135,0
180,off,3,off,135,1
180,off,3,off,135,2
180,off,3,off,135,3
180,off,3,off,135,4
180,off,3,off,135,5
180,off,3,off,135,6
180,off,3,off,135,7
180,off,3,off,135,8
180,off,3,off,135,9
180,off,4,on,45,0
180,off,4,on,45,1
180,off,4,on,45,2
180,off,4,on,45,3
180,off,4,on,45,4
180,off,4,on,45,5
180,off,4,on,45,6
180,off,4,on,45,7
180,off,4,on,45,8
180,off,4,on,45,9
180,off,4,on,90,0
180,off,4,on,90,1
180,off,4,on,90,2
180,off,4,on,90,3
180,off,4,on,90,4
180,off,4,on,90,5
180,off,4,on,90,6
180,off,4,on,90,7
180,off,4,on,90,8
180,off,4,on,90,9
180,off,4,on,135,0
180,off,4,on,135,1
180,off,4,on,135,2
180,off,4,on,135,3
180,off,4,on,135,4
180,off,4,on,135,5
180,off,4,on,135,6
180,off,4,on,135,7
180,off,4,on,135,8
180,off,4,on,135,9
180,off,4,off,45,0
180,off,4,off,45,1
180,off,4,off,45,2
180,off,4,off,45,3
180,off,4,off,45,4
180,off,4,off,45,5
180,off,4,off,45,6
180,off,4,off,45,7
180,off,4,off,45,8
180,off,4,off,45,9
180,off,4,off,90,0
180,off,4,off,90,1
180,off,4,off,90,2
180,off,4,off,90,3
180,off,4,off,90,4
180,off,4,off,90,5
180,off,4,off,90,6
180,off,4,off,90,7
180,off,4,off,90,8
180,off,4,off,90,9
180,off,4,off,135,0
180,off,4,off,135,1
180,off,4,off,135,2
180,off,4,off,135,3
180,off,4,off,135,4
180,off,4,off,135,5
180,off,4,off,135,6
180,off,4,off,135,7
180,off,4,off,135,8
180,off,4,off,135,9
225,on,0,on,45,0
225,on,0,on,45,1
225,on,0,on,45,2
225,on,0,on,45,3
225,on,0,on,45,4
225,on,0,on,45,5
225,on,0,on,45,6
225,on,0,on,45,7
225,on,0,on,45,8
225,on,0,on,45,9
225,on,0,on,90,0
225,on,0,on,90,1
225,on,0,on,90,2
225,on,0,on,90,3
225,on,0,on,90,4
225,on,0,on,90,5
225,on,0,on,90,6
225,on,0,on,90,7
225,on,0,on,90,8
225,on,0,on,90,9
225,on,0,on,135,0
225,on,0,on,135,1
225,on,0,on,135,2
225,on,0,on,135,3
225,on,0,on,135,4
225,on,0,on,135,5
225,on,0,on,135,6
225,on,0,on,135,7
225,on,0,on,135,8
225,on,0,on,135,9
225,on,0,off,45,0
225,on,0,off,45,1
225,on,0,off,45,2
225,on,0,off,45,3
225,on,0,off,45,4
225,on,0,off,45,5
225,on,0,off,45,6
225,on,0,off,45,7
225,on,0,off,45,8
225,on,0,off,45,9
225,on,0,off,90,0
225,on,0,off,90,1
225,on,0,off,90,2
225,on,0,off,90,3
225,on,0,off,90,4
225,on,0,off,90,5
225,on,0,off,90,6
225,on,0,off,90,7
225,on,0,off,90,8
225,on,0,off,90,9
225,on,0,off,135,0
225,on,0,off,135,1
225,on,0,off,135,2
225,on,0,off,135,3
225,on,0,off,135,4
225,on,0,off,135,5
225,on,0,off,135,6
225,on,0,off,135,7
225,on,0,off,135,8
225,on,0,off,135,9
225,on,1,on,45,0
225,on,1,on,45,1
225,on,1,on,45,2
225,on,1,on,45,3
225,on,1,on,45,4
225,on,1,on,45,5
225,on,1,on,45,6
225,on,1,on,45,7
225,on,1,on,45,8
225,on,1,on,45,9
225,on,1,on,90,0
225,on,1,on,90,1
225,on,1,on,90,2
225,on,1,on,90,3
225,on,1,on,90,4
225,on,1,on,90,5
225,on,1,on,90,6
225,on,1,on,90,7
225,on,1,on,90,8
225,on,1,on,90,9
225,on,1,on,135,0
225,on,1,on,135,1
225,on,1,on,135,2
225,on,1,on,135,3
225,on,1,on,135,4
225,on,1,on,135,5
225,on,1,on,135,6
225,on,1,on,135,7
225,on,1,on,135,8
225,on,1,on,135,9
225,on,1,off,45,0
225,on,1,off,45,1
225,on,1,off,45,2
225,on,1,off,45,3
225,on,1,off,45,4
225,on,1,off,45,5
225,on,1,off,45,6
225,on,1,off,45,7
225,on,1,off,45,8
225,on,1,off,45,9
225,on,1,off,90,0
225,on,1,off,90,1
225,on,1,off,90,2
225,on,1,off,90,3
225,on,1,off,90,4
225,on,1,off,90,5
225,on,1,off,90,6
225,on,1,off,90,7
225,on,1,off,90,8
225,on,1,off,90,9
225,on,1,off,135,0
225,on,1,off,135,1
225,on,1,off,135,2
225,on,1,off,135,3
225,on,1,off,135,4
225,on,1,off,135,5
225,on,1,off,135,6
225,on,1,off,135,7
225,on,1,off,135,8
225,on,1,off,135,9
225,on,2,on,45,0
225,on,2,on,45,1
225,on,2,on,45,2
225,on,2,on,45,3
225,on,2,on,45,4
225,on,2,on,45,5
225,on,2,on,45,6
225,on,2,on,45,7
225,on,2,on,45,8
225,on,2,on,45,9
225,on,2,on,90,0
225,on,2,on,90,1
225,on,2,on,90,2
225,on,2,on,90,3
225,on,2,on,90,4
225,on,2,on,90,5
225,on,2,on,90,6
225,on,2,on,90,7
225,on,2,on,90,8
225,on,2,on,90,9
225,on,2,on,135,0
225,on,2,on,135,1
225,on,2,on,135,2
225,on,2,on,135,3
225,on,2,on,135,4
225,on,2,on,135,5
225,on,2,on,135,6
225,on,2,on,135,7
225,on,2,on,135,8
225,on,2,on,135,9
225,on,2,off,45,0
225,on,2,off,45,1
225,on,2,off,45,2
225,on,2,off,45,3
225,on,2,off,45,4
225,on,2,off,45,5
225,on,2,off,45,6
225,on,2,off,45,7
225,on,2,off,45,8
225,on,2,off,45,9
225,on,2,off,90,0
225,on,2,off,90,1
225,on,2,off,90,2
225,on,2,off,90,3
225,on,2,off,90,4
225,on,2,off,90,5
225,on,2,off,90,6
225,on,2,off,90,7
225,on,2,off,90,8
225,on,2,off,90,9
225,on,2,off,135,0
225,on,2,off,135,1
225,on,2,off,135,2
225,on,2,off,135,3
225,on,2,off,135,4
225,on,2,off,135,5
225,on,2,off,135,6
225,on,2,off,135,7
225,on,2,off,135,8
225,on,2,off,135,9
225,on,3,on,45,0
225,on,3,on,45,1
225,on,3,on,45,2
225,on,3,on,45,3
225,on,3,on,45,4
225,on,3,on,45,5
225,on,3,on,45,6
225,on,3,on,45,7
225,on,3,on,45,8
225,on,3,on,45,9
225,on,3,on,90,0
225,on,3,on,90,1
225,on,3,on,90,2
225,on,3,on,90,3
225,on,3,on,90,4
225,on,3,on,90,5
225,on,3,on,90,6
225,on,3,on,90,7
225,on,3,on,90,8
225,on,3,on,90,9
225,on,3,on,135,0
225,on,3,on,135,1
225,on,3,on,135,2
225,on,3,on,135,3
225,on,3,on,135,4
225,on,3,on,135,5
225,on,3,on,135,6
225,on,3,on,135,7
225,on,3,on,135,8
225,on,3,on,135,9
225,on,3,off,45,0
225,on,3,off,45,1
225,on,3,off,45,2
225,on,3,off,45,3
225,on,3,off,45,4
225,on,3,off,45,5
225,on,3,off,45,6
225,on,3,off,45,7
225,on,3,off,45,8
225,on,3,off,45,9
225,on,3,off,90,0
225,on,3,off,90,1
225,on,3,off,90,2
225,on,3,off,90,3
225,on,3,off,90,4
225,on,3,off,90,5
225,on,3,off,90,6
225,on,3,off,90,7
225,on,3,off,90,8
225,on,3,off,90,9
225,on,3,off,135,0
225,on,3,off,135,1
225,on,3,off,135,2
225,on,3,off,135,3
225,on,3,off,135,4
225,on,3,off,135,5
225,on,3,off,135,6
225,on,3,off,135,7
225,on,3,off,135,8
225,on,3,off,135,9
225,on,4,on,45,0
225,on,4,on,45,1
225,on,4,on,45,2
225,on,4,on,45,3
225,on,4,on,45,4
225,on,4,on,45,5
225,on,4,on,45,6
225,on,4,on,45,7
225,on,4,on,45,8
225,on,4,on,45,9
225,on,4,on,90,0
225,on,4,on,90,1
225,on,4,on,90,2
225,on,4,on,90,3
225,on,4,on,90,4
225,on,4,on,90,5
225,on,4,on,90,6
225,on,4,on,90,7
225,on,4,on,90,8
225,on,4,on,90,9
225,on,4,on,135,0
225,on,4,on,135,1
225,on,4,on,135,2
225,on,4,on,135,3
225,on,4,on,135,4
225,on,4,on,135,5
225,on,4,on,135,6
225,on,4,on,135,7
225,on,4,on,135,8
225,on,4,on,135,9
225,on,4,off,45,0
225,on,4,off,45,1
225,on,4,off,45,2
225,on,4,off,45,3
225,on,4,off,45,4
225,on,4,off,45,5
225,on,4,off,45,6
225,on,4,off,45,7
225,on,4,off,45,8
225,on,4,off,45,9
225,on,4,off,90,0
225,on,4,off,90,1
225,on,4,off,90,2
225,on,4,off,90,3
225,on,4,off,90,4
225,on,4,off,90,5
225,on,4,off,90,6
225,on,4,off,90,7
225,on,4,off,90,8
225,on,4,off,90,9
225,on,4,off,135,0
225,on,4,off,135,1
225,on,4,off,135,2
225,on,4,off,135,3
225,on,4,off,135,4
225,on,4,off,135,5
225,on,4,off,135,6
225,on,4,off,135,7
225,on,4,off,135,8
225,on,4,off,135,9
225,off,0,on,45,0
225,off,0,on,45,1
225,off,0,on,45,2
225,off,0,on,45,3
225,off,0,on,45,4
225,off,0,on,45,5
225,off,0,on,45,6
225,off,0,on,45,7
225,off,0,on,45,8
225,off,0,on,45,9
225,off,0,on,90,0
225,off,0,on,90,1
225,off,0,on,90,2
225,off,0,on,90,3
225,off,0,on,90,4
225,off,0,on,90,5
225,off,0,on,90,6
225,off,0,on,90,7
225,off,0,on,90,8
225,off,0,on,90,9
225,off,0,on,135,0
225,off,0,on,135,1
225,off,0,on,135,2
225,off,0,on,135,3
225,off,0,on,135,4
225,off,0,on,135,5
225,off,0,on,135,6
225,off,0,on,135,7
225,off,0,on,135,8
225,off,0,on,135,9
225,off,0,off,45,0
225,off,0,off,45,1
225,off,0,off,45,2
225,off,0,off,45,3
225,off,0,off,45,4
225,off,0,off,45,5
225,off,0,off,45,6
225,off,0,off,45,7
225,off,0,off,45,8
225,off,0,off,45,9
225,off,0,off,90,0
225,off,0,off,90,1
225,off,0,off,90,2
225,off,0,off,90,3
225,off,0,off,90,4
225,off,0,off,90,5
225,off,0,off,90,6
225,off,0,off,90,7
225,off,0,off,90,8
225,off,0,off,90,9
225,off,0,off,135,0
225,off,0,off,135,1
225,off,0,off,135,2
225,off,0,off,135,3
225,off,0,off,135,4
225,off,0,off,135,5
225,off,0,off,135,6
225,off,0,off,135,7
225,off,0,off,135,8
225,off,0,off,135,9
225,off,1,on,45,0
225,off,1,on,45,1
225,off,1,on,45,2
225,off,1,on,45,3
225,off,1,on,45,4
225,off,1,on,45,5
225,off,1,on,45,6
225,off,1,on,45,7
225,off,1,on,45,8
225,off,1,on,45,9
225,off,1,on,90,0
225,off,1,on,90,1
225,off,1,on,90,2
225,off,1,on,90,3
225,off,1,on,90,4
225,off,1,on,90,5
225,off,1,on,90,6
225,off,1,on,90,7
225,off,1,on,90,8
225,off,1,on,90,9
225,off,1,on,135,0
225,off,1,on,135,1
225,off,1,on,135,2
225,off,1,on,135,3
225,off,1,on,135,4
225,off,1,on,135,5
225,off,1,on,135,6
225,off,1,on,135,7
225,off,1,on,135,8
225,off,1,on,135,9
225,off,1,off,45,0
225,off,1,off,45,1
225,off,1,off,45,2
225,off,1,off,45,3
225,off,1,off,45,4
225,off,1,off,45,5
225,off,1,off,45,6
225,off,1,off,45,7
225,off,1,off,45,8
225,off,1,off,45,9
225,off,1,off,90,0
225,off,1,off,90,1
225,off,1,off,90,2
225,off,1,off,90,3
225,off,1,off,90,4
225,off,1,off,90,5
225,off,1,off,90,6
225,off,1,off,90,7
225,off,1,off,90,8
225,off,1,off,90,9
225,off,1,off,135,0
225,off,1,off,135,1
225,off,1,off,135,2
225,off,1,off,135,3
225,off,1,off,135,4
225,off,1,off,135,5
225,off,1,off,135,6
225,off,1,off,135,7
225,off,1,off,135,8
225,off,1,off,135,9
225,off,2,on,45,0
225,off,2,on,45,1
225,off,2,on,45,2
225,off,2,on,45,3
225,off,2,on,45,4
225,off,2,on,45,5
225,off,2,on,45,6
225,off,2,on,45,7
225,off,2,on,45,8
225,off,2,on,45,9
225,off,2,on,90,0
225,off,2,on,90,1
225,off,2,on,90,2
225,off,2,on,90,3
225,off,2,on,90,4
225,off,2,on,90,5
225,off,2,on,90,6
225,off,2,on,90,7
225,off,2,on,90,8
225,off,2,on,90,9
225,off,2,on,135,0
225,off,2,on,135,1
225,off,2,on,135,2
225,off,2,on,135,3
225,off,2,on,135,4
225,off,2,on,135,5
225,off,2,on,135,6
225,off,2,on,135,7
225,off,2,on,135,8
225,off,2,on,135,9
225,off,2,off,45,0
225,off,2,off,45,1
225,off,2,off,45,2
225,off,2,off,45,3
225,off,2,off,45,4
225,off,2,off,45,5
225,off,2,off,45,6
225,off,2,off,45,7
225,off,2,off,45,8
225,off,2,off,45,9
225,off,2,off,90,0
225,off,2,off,90,1
225,off,2,off,90,2
225,off,2,off,90,3
225,off,2,off,90,4
225,off,2,off,90,5
225,off,2,off,90,6
225,off,2,off,90,7
225,off,2,off,90,8
225,off,2,off,90,9
225,off,2,off,135,0
225,off,2,off,135,1
225,off,2,off,135,2
225,off,2,off,135,3
225,off,2,off,135,4
225,off,2,off,135,5
225,off,2,off,135,6
225,off,2,off,135,7
225,off,2,off,135,8
225,off,2,off,135,9
225,off,3,on,45,0
225,off,3,on,45,1
225,off,3,on,45,2
225,off,3,on,45,3
225,off,3,on,45,4
225,off,3,on,45,5
225,off,3,on,45,6
225,off,3,on,45,7
225,off,3,on,45,8
225,off,3,on,45,9
225,off,3,on,90,0
225,off,3,on,90,1
225,off,3,on,90,2
225,off,3,on,90,3
225,off,3,on,90,4
225,off,3,on,90,5
225,off,3,on,90,6
225,off,3,on,90,7
225,off,3,on,90,8
225,off,3,on,90,9
225,off,3,on,135,0
225,off,3,on,135,1
225,off,3,on,135,2
225,off,3,on,135,3
225,off,3,on,135,4
225,off,3,on,135,5
225,off,3,on,135,6
225,off,3,on,135,7
225,off,3,on,135,8
225,off,3,on,135,9
225,off,3,off,45,0
225,off,3,off,45,1
225,off,3,off,45,2
225,off,3,off,45,3
225,off,3,off,45,4
225,off,3,off,45,5
225,off,3,off,45,6
225,off,3,off,45,7
225,off,3,off,45,8
225,off,3,off,45,9
225,off,3,off,90,0
225,off,3,off,90,1
225,off,3,off,90,2
225,off,3,off,90,3
225,off,3,off,90,4
225,off,3,off,90,5
225,off,3,off,90,6
225,off,3,off,90,7
225,off,3,off,90,8
225,off,3,off,90,9
225,off,3,off,135,0
225,off,3,off,135,1
225,off,3,off,135,2
225,off,3,off,135,3
225,off,3,off,135,4
225,off,3,off,135,5
225,off,3,off,135,6
225,off,3,off,135,7
225,off,3,off,135,8
225,off,3,off,135,9
225,off,4,on,45,0
225,off,4,on,45,1
225,off,4,on,45,2
225,off,4,on,45,3
225,off,4,on,45,4
225,off,4,on,45,5
225,off,4,on,45,6
225,off,4,on,45,7
225,off,4,on,45,8
225,off,4,on,45,9
225,off,4,on,90,0
225,off,4,on,90,1
225,off,4,on,90,2
225,off,4,on,90,3
225,off,4,on,90,4
225,off,4,on,90,5
225,off,4,on,90,6
225,off,4,on,90,7
225,off,4,on,90,8
225,off,4,on,90,9
225,off,4,on,135,0
225,off,4,on,135,1
225,off,4,on,135,2
225,off,4,on,135,3
225,off,4,on,135,4
225,off,4,on,135,5
225,off,4,on,135,6
225,off,4,on,135,7
225,off,4,on,135,8
225,off,4,on,135,9
225,off,4,off,45,0
225,off,4,off,45,1
225,off,4,off,45,2
225,off,4,off,45,3
225,off,4,off,45,4
225,off,4,off,45,5
225,off,4,off,45,6
225,off,4,off,45,7
225,off,4,off,45,8
225,off,4,off,45,9
225,off,4,off,90,0
225,off,4,off,90,1
225,off,4,off,90,2
225,off,4,off,90,3
225,off,4,off,90,4
225,off,4,off,90,5
225,off,4,off,90,6
225,off,4,off,90,7
225,off,4,off,90,8
225,off,4,off,90,9
225,off,4,off,135,0
225,off,4,off,135,1
225,off,4,off,135,2
225,off,4,off,135,3
225,off,4,off,135,4
225,off,4,off,135,5
225,off,4,off,135,6
225,off,4,off,135,7
225,off,4,off,135,8
225,off,4,off,135,9
270,on,0,on,45,0
270,on,0,on,45,1
270,on,0,on,45,2
270,on,0,on,45,3
270,on,0,on,45,4
270,on,0,on,45,5
270,on,0,on,45,6
270,on,0,on,45,7
270,on,0,on,45,8
270,on,0,on,45,9
270,on,0,on,90,0
270,on,0,on,90,1
270,on,0,on,90,2
270,on,0,on,90,3
270,on,0,on,90,4
270,on,0,on,90,5
270,on,0,on,90,6
270,on,0,on,90,7
270,on,0,on,90,8
270,on,0,on,90,9
270,on,0,on,135,0
270,on,0,on,135,1
270,on,0,on,135,2
270,on,0,on,135,3
270,on,0,on,135,4
270,on,0,on,135,5
270,on,0,on,135,6
270,on,0,on,135,7
270,on,0,on,135,8
270,on,0,on,135,9
270,on,0,off,45,0
270,on,0,off,45,1
270,on,0,off,45,2
270,on,0,off,45,3
270,on,0,off,45,4
270,on,0,off,45,5
270,on,0,off,45,6
270,on,0,off,45,7
270,on,0,off,45,8
270,on,0,off,45,9
270,on,0,off,90,0
270,on,0,off,90,1
270,on,0,off,90,2
270,on,0,off,90,3
270,on,0,off,90,4
270,on,0,off,90,5
270,on,0,off,90,6
270,on,0,off,90,7
270,on,0,off,90,8
270,on,0,off,90,9
270,on,0,off,135,0
270,on,0,off,135,1
270,on,0,off,135,2
270,on,0,off,135,3
270,on,0,off,135,4
270,on,0,off,135,5
270,on,0,off,135,6
270,on,0,off,135,7
270,on,0,off,135,8
270,on,0,off,135,9
270,on,1,on,45,0
270,on,1,on,45,1
270,on,1,on,45,2
270,on,1,on,45,3
270,on,1,on,45,4
270,on,1,on,45,5
270,on,1,on,45,6
270,on,1,on,45,7
270,on,1,on,45,8
270,on,1,on,45,9
270,on,1,on,90,0
270,on,1,on,90,1
270,on,1,on,90,2
270,on,1,on,90,3
270,on,1,on,90,4
270,on,1,on,90,5
270,on,1,on,90,6
270,on,1,on,90,7
270,on,1,on,90,8
270,on,1,on,90,9
270,on,1,on,135,0
270,on,1,on,135,1
270,on,1,on,135,2
270,on,1,on,135,3
270,on,1,on,135,4
270,on,1,on,135,5
270,on,1,on,135,6
270,on,1,on,135,7
270,on,1,on,135,8
270,on,1,on,135,9
270,on,1,off,45,0
270,on,1,off,45,1
270,on,1,off,45,2
270,on,1,off,45,3
270,on,1,off,45,4
270,on,1,off,45,5
270,on,1,off,45,6
270,on,1,off,45,7
270,on,1,off,45,8
270,on,1,off,45,9
270,on,1,off,90,0
270,on,1,off,90,1
270,on,1,off,90,2
270,on,1,off,90,3
270,on,1,off,90,4
270,on,1,off,90,5
270,on,1,off,90,6
270,on,1,off,90,7
270,on,1,off,90,8
270,on,1,off,90,9
270,on,1,off,135,0
270,on,1,off,135,1
270,on,1,off,135,2
270,on,1,off,135,3
270,on,1,off,135,4
270,on,1,off,135,5
270,on,1,off,135,6
270,on,1,off,135,7
270,on,1,off,135,8
270,on,1,off,135,9
270,on,2,on,45,0
270,on,2,on,45,1
270,on,2,on,45,2
270,on,2,on,45,3
270,on,2,on,45,4
270,on,2,on,45,5
270,on,2,on,45,6
270,on,2,on,45,7
270,on,2,on,45,8
270,on,2,on,45,9
270,on,2,on,90,0
270,on,2,on,90,1
270,on,2,on,90,2
270,on,2,on,90,3
270,on,2,on,90,4
270,on,2,on,90,5
270,on,2,on,90,6
270,on,2,on,90,7
270,on,2,on,90,8
270,on,2,on,90,9
270,on,2,on,135,0
270,on,2,on,135,1
270,on,2,on,135,2
270,on,2,on,135,3
270,on,2,on,135,4
270,on,2,on,135,5
270,on,2,on,135,6
270,on,2,on,135,7
270,on,2,on,135,8
270,on,2,on,135,9
270,on,2,off,45,0
270,on,2,off,45,1
270,on,2,off,45,2
270,on,2,off,45,3
270,on,2,off,45,4
270,on,2,off,45,5
270,on,2,off,45,6
270,on,2,off,45,7
270,on,2,off,45,8
270,on,2,off,45,9
270,on,2,off,90,0
270,on,2,off,90,1
270,on,2,off,90,2
270,on,2,off,90,3
270,on,2,off,90,4
270,on,2,off,90,5
270,on,2,off,90,6
270,on,2,off,90,7
270,on,2,off,90,8
270,on,2,off,90,9
270,on,2,off,135,0
270,on,2,off,135,1
270,on,2,off,135,2
270,on,2,off,135,3
270,on,2,off,135,4
270,on,2,off,135,5
270,on,2,off,135,6
270,on,2,off,135,7
270,on,2,off,135,8
270,on,2,off,135,9
270,on,3,on,45,0
270,on,3,on,45,1
270,on,3,on,45,2
270,on,3,on,45,3
270,on,3,on,45,4
270,on,3,on,45,5
270,on,3,on,45,6
270,on,3,on,45,7
270,on,3,on,45,8
270,on,3,on,45,9
270,on,3,on,90,0
270,on,3,on,90,1
270,on,3,on,90,2
270,on,3,on,90,3
270,on,3,on,90,4
270,on,3,on,90,5
270,on,3,on,90,6
270,on,3,on,90,7
270,on,3,on,90,8
270,on,3,on,90,9
270,on,3,on,135,0
270,on,3,on,135,1
270,on,3,on,135,2
270,on,3,on,135,3
270,on,3,on,135,4
270,on,3,on,135,5
270,on,3,on,135,6
270,on,3,on,135,7
270,on,3,on,135,8
270,on,3,on,135,9
270,on,3,off,45,0
270,on,3,off,45,1
270,on,3,off,45,2
270,on,3,off,45,3
270,on,3,off,45,4
270,on,3,off,45,5
270,on,3,off,45,6
270,on,3,off,45,7
270,on,3,off,45,8
270,on,3,off,45,9
270,on,3,off,90,0
270,on,3,off,90,1
270,on,3,off,90,2
270,on,3,off,90,3
270,on,3,off,90,4
270,on,3,off,90,5
270,on,3,off,90,6
270,on,3,off,90,7
270,on,3,off,90,8
270,on,3,off,90,9
270,on,3,off,135,0
270,on,3,off,135,1
270,on,3,off,135,2
270,on,3,off,135,3
270,on,3,off,135,4
270,on,3,off,135,5
270,on,3,off,135,6
270,on,3,off,135,7
270,on,3,off,135,8
270,on,3,off,135,9
270,on,4,on,45,0
270,on,4,on,45,1
270,on,4,on,45,2
270,on,4,on,45,3
270,on,4,on,45,4
270,on,4,on,45,5
270,on,4,on,45,6
270,on,4,on,45,7
270,on,4,on,45,8
270,on,4,on,45,9
270,on,4,on,90,0
270,on,4,on,90,1
270,on,4,on,90,2
270,on,4,on,90,3
270,on,4,on,90,4
270,on,4,on,90,5
270,on,4,on,90,6
270,on,4,on,90,7
270,on,4,on,90,8
270,on,4,on,90,9
270,on,4,on,135,0
270,on,4,on,135,1
270,on,4,on,135,2
270,on,4,on,135,3
270,on,4,on,135,4
270,on,4,on,135,5
270,on,4,on,135,6
270,on,4,on,135,7
270,on,4,on,135,8
270,on,4,on,135,9
270,on,4,off,45,0
270,on,4,off,45,1
270,on,4,off,45,2
270,on,4,off,45,3
270,on,4,off,45,4
270,on,4,off,45,5
270,on,4,off,45,6
270,on,4,off,45,7
270,on,4,off,45,8
270,on,4,off,45,9
270,on,4,off,90,0
270,on,4,off,90,1
270,on,4,off,90,2
270,on,4,off,90,3
270,on,4,off,90,4
270,on,4,off,90,5
270,on,4,off,90,6
270,on,4,off,90,7
270,on,4,off,90,8
270,on,4,off,90,9
270,on,4,off,135,0
270,on,4,off,135,1
270,on,4,off,135,2
270,on,4,off,135,3
270,on,4,off,135,4
270,on,4,off,135,5
270,on,4,off,135,6
270,on,4,off,135,7
270,on,4,off,135,8
270,on,4,off,135,9
270,off,0,on,45,0
270,off,0,on,45,1
270,off,0,on,45,2
270,off,0,on,45,3
270,off,0,on,45,4
270,off,0,on,45,5
270,off,0,on,45,6
270,off,0,on,45,7
270,off,0,on,45,8
270,off,0,on,45,9
270,off,0,on,90,0
270,off,0,on,90,1
270,off,0,on,90,2
270,off,0,on,90,3
270,off,0,on,90,4
270,off,0,on,90,5
270,off,0,on,90,6
270,off,0,on,90,7
270,off,0,on,90,8
270,off,0,on,90,9
270,off,0,on,135,0
270,off,0,on,135,1
270,off,0,on,135,2
270,off,0,on,135,3
270,off,0,on,135,4
270,off,0,on,135,5
270,off,0,on,135,6
270,off,0,on,135,7
270,off,0,on,135,8
270,off,0,on,135,9
270,off,0,off,45,0
270,off,0,off,45,1
270,off,0,off,45,2
270,off,0,off,45,3
270,off,0,off,45,4
270,off,0,off,45,5
270,off,0,off,45,6
270,off,0,off,45,7
270,off,0,off,45,8
270,off,0,off,45,9
270,off,0,off,90,0
270,off,0,off,90,1
270,off,0,off,90,2
270,off,0,off,90,3
270,off,0,off,90,4
270,off,0,off,90,5
270,off,0,off,90,6
270,off,0,off,90,7
270,off,0,off,90,8
270,off,0,off,90,9
270,off,0,off,135,0
270,off,0,off,135,1
270,off,0,off,135,2
270,off,0,off,135,3
270,off,0,off,135,4
270,off,0,off,135,5
270,off,0,off,135,6
270,off,0,off,135,7
270,off,0,off,135,8
270,off,0,off,135,9
270,off,1,on,45,0
270,off,1,on,45,1
270,off,1,on,45,2
270,off,1,on,45,3
270,off,1,on,45,4
270,off,1,on,45,5
270,off,1,on,45,6
270,off,1,on,45,7
270,off,1,on,45,8
270,off,1,on,45,9
270,off,1,on,90,0
270,off,1,on,90,1
270,off,1,on,90,2
270,off,1,on,90,3
270,off,1,on,90,4
270,off,1,on,90,5
270,off,1,on,90,6
270,off,1,on,90,7
270,off,1,on,90,8
270,off,1,on,90,9
270,off,1,on,135,0
270,off,1,on,135,1
270,off,1,on,135,2
270,off,1,on,135,3
270,off,1,on,135,4
270,off,1,on,135,5
270,off,1,on,135,6
270,off,1,on,135,7
270,off,1,on,135,8
270,off,1,on,135,9
270,off,1,off,45,0
270,off,1,off,45,1
270,off,1,off,45,2
270,off,1,off,45,3
270,off,1,off,45,4
270,off,1,off,45,5
270,off,1,off,45,6
270,off,1,off,45,7
270,off,1,off,45,8
270,off,1,off,45,9
270,off,1,off,90,0
270,off,1,off,90,1
270,off,1,off,90,2
270,off,1,off,90,3
270,off,1,off,90,4
270,off,1,off,90,5
270,off,1,off,90,6
270,off,1,off,90,7
270,off,1,off,90,8
270,off,1,off,90,9
270,off,1,off,135,0
270,off,1,off,135,1
270,off,1,off,135,2
270,off,1,off,135,3
270,off,1,off,135,4
270,off,1,off,135,5
270,off,1,off,135,6
270,off,1,off,135,7
270,off,1,off,135,8
270,off,1,off,135,9
270,off,2,on,45,0
270,off,2,on,45,1
270,off,2,on,45,2
270,off,2,on,45,3
270,off,2,on,45,4
270,off,2,on,45,5
270,off,2,on,45,6
270,off,2,on,45,7
270,off,2,on,45,8
270,off,2,on,45,9
270,off,2,on,90,0
270,off,2,on,90,1
270,off,2,on,90,2
270,off,2,on,90,3
270,off,2,on,90,4
270,off,2,on,90,5
270,off,2,on,90,6
270,off,2,on,90,7
270,off,2,on,90,8
270,off,2,on,90,9
270,off,2,on,135,0
270,off,2,on,135,1
270,off,2,on,135,2
270,off,2,on,135,3
270,off,2,on,135,4
270,off,2,on,135,5
270,off,2,on,135,6
270,off,2,on,135,7
270,off,2,on,135,8
270,off,2,on,135,9
270,off,2,off,45,0
270,off,2,off,45,1
270,off,2,off,45,2
270,off,2,off,45,3
270,off,2,off,45,4
270,off,2,off,45,5
270,off,2,off,45,6
270,off,2,off,45,7
270,off,2,off,45,8
270,off,2,off,45,9
270,off,2,off,90,0
270,off,2,off,90,1
270,off,2,off,90,2
270,off,2,off,90,3
270,off,2,off,90,4
270,off,2,off,90,5
270,off,2,off,90,6
270,off,2,off,90,7
270,off,2,off,90,8
270,off,2,off,90,9
270,off,2,off,135,0
270,off,2,off,135,1
270,off,2,off,135,2
270,off,2,off,135,3
270,off,2,off,135,4
270,off,2,off,135,5
270,off,2,off,135,6
270,off,2,off,135,7
270,off,2,off,135,8
270,off,2,off,135,9
270,off,3,on,45,0
270,off,3,on,45,1
270,off,3,on,45,2
270,off,3,on,45,3
270,off,3,on,45,4
270,off,3,on,45,5
270,off,3,on,45,6
270,off,3,on,45,7
270,off,3,on,45,8
270,off,3,on,45,9
270,off,3,on,90,0
270,off,3,on,90,1
270,off,3,on,90,2
270,off,3,on,90,3
270,off,3,on,90,4
270,off,3,on,90,5
270,off,3,on,90,6
270,off,3,on,90,7
270,off,3,on,90,8
270,off,3,on,90,9
270,off,3,on,135,0
270,off,3,on,135,1
270,off,3,on,135,2
270,off,3,on,135,3
270,off,3,on,135,4
270,off,3,on,135,5
270,off,3,on,135,6
270,off,3,on,135,7
270,off,3,on,135,8
270,off,3,on,135,9
270,off,3,off,45,0
270,off,3,off,45,1
270,off,3,off,45,2
270,off,3,off,45,3
270,off,3,off,45,4
270,off,3,off,45,5
270,off,3,off,45,6
270,off,3,off,45,7
270,off,3,off,45,8
270,off,3,off,45,9
270,off,3,off,90,0
270,off,3,off,90,1
270,off,3,off,90,2
270,off,3,off,90,3
270,off,3,off,90,4
270,off,3,off,90,5
270,off,3,off,90,6
270,off,3,off,90,7
270,off,3,off,90,8
270,off,3,off,90,9
270,off,3,off,135,0
270,off,3,off,135,1
270,off,3,off,135,2
270,off,3,off,135,3
270,off,3,off,135,4
270,off,3,off,135,5
270,off,3,off,135,6
270,off,3,off,135,7
270,off,3,off,135,8
270,off,3,off,135,9
270,off,4,on,45,0
270,off,4,on,45,1
270,off,4,on,45,2
270,off,4,on,45,3
270,off,4,on,45,4
270,off,4,on,45,5
270,off,4,on,45,6
270,off,4,on,45,7
270,off,4,on,45,8
270,off,4,on,45,9
270,off,4,on,90,0
270,off,4,on,90,1
270,off,4,on,90,2
270,off,4,on,90,3
270,off,4,on,90,4
270,off,4,on,90,5
270,off,4,on,90,6
270,off,4,on,90,7
270,off,4,on,90,8
270,off,4,on,90,9
270,off,4,on,135,0
270,off,4,on,135,1
270,off,4,on,135,2
270,off,4,on,135,3
270,off,4,on,135,4
270,off,4,on,135,5
270,off,4,on,135,6
270,off,4,on,135,7
270,off,4,on,135,8
270,off,4,on,135,9
270,off,4,off,45,0
270,off,4,off,45,1
270,off,4,off,45,2
270,off,4,off,45,3
270,off,4,off,45,4
270,off,4,off,45,5
270,off,4,off,45,6
270,off,4,off,45,7
270,off,4,off,45,8
270,off,4,off,45,9
270,off,4,off,90,0
270,off,4,off,90,1
270,off,4,off,90,2
270,off,4,off,90,3
270,off,4,off,90,4
270,off,4,off,90,5
270,off,4,off,90,6
270,off,4,off,90,7
270,off,4,off,90,8
270,off,4,off,90,9
270,off,4,off,135,0
270,off,4,off,135,1
270,off,4,off,135,2
270,off,4,off,135,3
270,off,4,off,135,4
270,off,4,off,135,5
270,off,4,off,135,6
270,off,4,off,135,7
270,off,4,off,135,8
270,off,4,off,135,9
315,on,0,on,45,0
315,on,0,on,45,1
315,on,0,on,45,2
315,on,0,on,45,3
315,on,0,on,45,4
315,on,0,on,45,5
315,on,0,on,45,6
315,on,0,on,45,7
315,on,0,on,45,8
315,on,0,on,45,9
315,on,0,on,90,0
315,on,0,on,90,1
315,on,0,on,90,2
315,on,0,on,90,3
315,on,0,on,90,4
315,on,0,on,90,5
315,on,0,on,90,6
315,on,0,on,90,7
315,on,0,on,90,8
315,on,0,on,90,9
315,on,0,on,135,0
315,on,0,on,135,1
315,on,0,on,135,2
315,on,0,on,135,3
315,on,0,on,135,4
315,on,0,on,135,5
315,on,0,on,135,6
315,on,0,on,135,7
315,on,0,on,135,8
315,on,0,on,135,9
315,on,0,off,45,0
315,on,0,off,45,1
315,on,0,off,45,2
315,on,0,off,45,3
315,on,0,off,45,4
315,on,0,off,45,5
315,on,0,off,45,6
315,on,0,off,45,7
315,on,0,off,45,8
315,on,0,off,45,9
315,on,0,off,90,0
315,on,0,off,90,1
315,on,0,off,90,2
315,on,0,off,90,3
315,on,0,off,90,4
315,on,0,off,90,5
315,on,0,off,90,6
315,on,0,off,90,7
315,on,0,off,90,8
315,on,0,off,90,9
315,on,0,off,135,0
315,on,0,off,135,1
315,on,0,off,135,2
315,on,0,off,135,3
315,on,0,off,135,4
315,on,0,off,135,5
315,on,0,off,135,6
315,on,0,off,135,7
315,on,0,off,135,8
315,on,0,off,135,9
315,on,1,on,45,0
315,on,1,on,45,1
315,on,1,on,45,2
315,on,1,on,45,3
315,on,1,on,45,4
315,on,1,on,45,5
315,on,1,on,45,6
315,on,1,on,45,7
315,on,1,on,45,8
315,on,1,on,45,9
315,on,1,on,90,0
315,on,1,on,90,1
315,on,1,on,90,2
315,on,1,on,90,3
315,on,1,on,90,4
315,on,1,on,90,5
315,on,1,on,90,6
315,on,1,on,90,7
315,on,1,on,90,8
315,on,1,on,90,9
315,on,1,on,135,0
315,on,1,on,135,1
315,on,1,on,135,2
315,on,1,on,135,3
315,on,1,on,135,4
315,on,1,on,135,5
315,on,1,on,135,6
315,on,1,on,135,7
315,on,1,on,135,8
315,on,1,on,135,9
315,on,1,off,45,0
315,on,1,off,45,1
315,on,1,off,45,2
315,on,1,off,45,3
315,on,1,off,45,4
315,on,1,off,45,5
315,on,1,off,45,6
315,on,1,off,45,7
315,on,1,off,45,8
315,on,1,off,45,9
315,on,1,off,90,0
315,on,1,off,90,1
315,on,1,off,90,2
315,on,1,off,90,3
315,on,1,off,90,4
315,on,1,off,90,5
315,on,1,off,90,6
315,on,1,off,90,7
315,on,1,off,90,8
315,on,1,off,90,9
315,on,1,off,135,0
315,on,1,off,135,1
315,on,1,off,135,2
315,on,1,off,135,3
315,on,1,off,135,4
315,on,1,off,135,5
315,on,1,off,135,6
315,on,1,off,135,7
315,on,1,off,135,8
315,on,1,off,135,9
315,on,2,on,45,0
315,on,2,on,45,1
315,on,2,on,45,2
315,on,2,on,45,3
315,on,2,on,45,4
315,on,2,on,45,5
315,on,2,on,45,6
315,on,2,on,45,7
315,on,2,on,45,8
315,on,2,on,45,9
315,on,2,on,90,0
315,on,2,on,90,1
315,on,2,on,90,2
315,on,2,on,90,3
315,on,2,on,90,4
315,on,2,on,90,5
315,on,2,on,90,6
315,on,2,on,90,7
315,on,2,on,90,8
315,on,2,on,90,9
315,on,2,on,135,0
315,on,2,on,135,1
315,on,2,on,135,2
315,on,2,on,135,3
315,on,2,on,135,4
315,on,2,on,135,5
315,on,2,on,135,6
315,on,2,on,135,7
315,on,2,on,135,8
315,on,2,on,135,9
315,on,2,off,45,0
315,on,2,off,45,1
315,on,2,off,45,2
315,on,2,off,45,3
315,on,2,off,45,4
315,on,2,off,45,5
315,on,2,off,45,6
315,on,2,off,45,7
315,on,2,off,45,8
315,on,2,off,45,9
315,on,2,off,90,0
315,on,2,off,90,1
315,on,2,off,90,2
315,on,2,off,90,3
315,on,2,off,90,4
315,on,2,off,90,5
315,on,2,off,90,6
315,on,2,off,90,7
315,on,2,off,90,8
315,on,2,off,90,9
315,on,2,off,135,0
315,on,2,off,135,1
315,on,2,off,135,2
315,on,2,off,135,3
315,on,2,off,135,4
315,on,2,off,135,5
315,on,2,off,135,6
315,on,2,off,135,7
315,on,2,off,135,8
315,on,2,off,135,9
315,on,3,on,45,0
315,on,3,on,45,1
315,on,3,on,45,2
315,on,3,on,45,3
315,on,3,on,45,4
315,on,3,on,45,5
315,on,3,on,45,6
315,on,3,on,45,7
315,on,3,on,45,8
315,on,3,on,45,9
315,on,3,on,90,0
315,on,3,on,90,1
315,on,3,on,90,2
315,on,3,on,90,3
315,on,3,on,90,4
315,on,3,on,90,5
315,on,3,on,90,6
315,on,3,on,90,7
315,on,3,on,90,8
315,on,3,on,90,9
315,on,3,on,135,0
315,on,3,on,135,1
315,on,3,on,135,2
315,on,3,on,135,3
315,on,3,on,135,4
315,on,3,on,135,5
315,on,3,on,135,6
315,on,3,on,135,7
315,on,3,on,135,8
315,on,3,on,135,9
315,on,3,off,45,0
315,on,3,off,45,1
315,on,3,off,45,2
315,on,3,off,45,3
315,on,3,off,45,4
315,on,3,off,45,5
315,on,3,off,45,6
315,on,3,off,45,7
315,on,3,off,45,8
315,on,3,off,45,9
315,on,3,off,90,0
315,on,3,off,90,1
315,on,3,off,90,2
315,on,3,off,90,3
315,on,3,off,90,4
315,on,3,off,90,5
315,on,3,off,90,6
315,on,3,off,90,7
315,on,3,off,90,8
315,on,3,off,90,9
315,on,3,off,135,0
315,on,3,off,135,1
315,on,3,off,135,2
315,on,3,off,135,3
315,on,3,off,135,4
315,on,3,off,135,5
315,on,3,off,135,6
315,on,3,off,135,7
315,on,3,off,135,8
315,on,3,off,135,9
315,on,4,on,45,0
315,on,4,on,45,1
315,on,4,on,45,2
315,on,4,on,45,3
315,on,4,on,45,4
315,on,4,on,45,5
315,on,4,on,45,6
315,on,4,on,45,7
315,on,4,on,45,8
315,on,4,on,45,9
315,on,4,on,90,0
315,on,4,on,90,1
315,on,4,on,90,2
315,on,4,on,90,3
315,on,4,on,90,4
315,on,4,on,90,5
315,on,4,on,90,6
315,on,4,on,90,7
315,on,4,on,90,8
315,on,4,on,90,9
315,on,4,on,135,0
315,on,4,on,135,1
315,on,4,on,135,2
315,on,4,on,135,3
315,on,4,on,135,4
315,on,4,on,135,5
315,on,4,on,135,6
315,on,4,on,135,7
315,on,4,on,135,8
315,on,4,on,135,9
315,on,4,off,45,0
315,on,4,off,45,1
315,on,4,off,45,2
315,on,4,off,45,3
315,on,4,off,45,4
315,on,4,off,45,5
315,on,4,off,45,6
315,on,4,off,45,7
315,on,4,off,45,8
315,on,4,off,45,9
315,on,4,off,90,0
315,on,4,off,90,1
315,on,4,off,90,2
315,on,4,off,90,3
315,on,4,off,90,4
315,on,4,off,90,5
315,on,4,off,90,6
315,on,4,off,90,7
315,on,4,off,90,8
315,on,4,off,90,9
315,on,4,off,135,0
315,on,4,off,135,1
315,on,4,off,135,2
315,on,4,off,135,3
315,on,4,off,135,4
315,on,4,off,135,5
315,on,4,off,135,6
315,on,4,off,135,7
315,on,4,off,135,8
315,on,4,off,135,9
315,off,0,on,45,0
315,off,0,on,45,1
315,off,0,on,45,2
315,off,0,on,45,3
315,off,0,on,45,4
315,off,0,on,45,5
315,off,0,on,45,6
315,off,0,on,45,7
315,off,0,on,45,8
315,off,0,on,45,9
315,off,0,on,90,0
315,off,0,on,90,1
315,off,0,on,90,2
315,off,0,on,90,3
315,off,0,on,90,4
315,off,0,on,90,5
315,off,0,on,90,6
315,off,0,on,90,7
315,off,0,on,90,8
315,off,0,on,90,9
315,off,0,on,135,0
315,off,0,on,135,1
315,off,0,on,135,2
315,off,0,on,135,3
315,off,0,on,135,4
315,off,0,on,135,5
315,off,0,on,135,6
315,off,0,on,135,7
315,off,0,on,135,8
315,off,0,on,135,9
315,off,0,off,45,0
315,off,0,off,45,1
315,off,0,off,45,2
315,off,0,off,45,3
315,off,0,off,45,4
315,off,0,off,45,5
315,off,0,off,45,6
315,off,0,off,45,7
315,off,0,off,45,8
315,off,0,off,45,9
315,off,0,off,90,0
315,off,0,off,90,1
315,off,0,off,90,2
315,off,0,off,90,3
315,off,0,off,90,4
315,off,0,off,90,5
315,off,0,off,90,6
315,off,0,off,90,7
315,off,0,off,90,8
315,off,0,off,90,9
315,off,0,off,135,0
315,off,0,off,135,1
315,off,0,off,135,2
315,off,0,off,135,3
315,off,0,off,135,4
315,off,0,off,135,5
315,off,0,off,135,6
315,off,0,off,135,7
315,off,0,off,135,8
315,off,0,off,135,9
315,off,1,on,45,0
315,off,1,on,45,1
315,off,1,on,45,2
315,off,1,on,45,3
315,off,1,on,45,4
315,off,1,on,45,5
315,off,1,on,45,6
315,off,1,on,45,7
315,off,1,on,45,8
315,off,1,on,45,9
315,off,1,on,90,0
315,off,1,on,90,1
315,off,1,on,90,2
315,off,1,on,90,3
315,off,1,on,90,4
315,off,1,on,90,5
315,off,1,on,90,6
315,off,1,on,90,7
315,off,1,on,90,8
315,off,1,on,90,9
315,off,1,on,135,0
315,off,1,on,135,1
315,off,1,on,135,2
315,off,1,on,135,3
315,off,1,on,135,4
315,off,1,on,135,5
315,off,1,on,135,6
315,off,1,on,135,7
315,off,1,on,135,8
315,off,1,on,135,9
315,off,1,off,45,0
315,off,1,off,45,1
315,off,1,off,45,2
315,off,1,off,45,3
315,off,1,off,45,4
315,off,1,off,45,5
315,off,1,off,45,6
315,off,1,off,45,7
315,off,1,off,45,8
315,off,1,off,45,9
315,off,1,off,90,0
315,off,1,off,90,1
315,off,1,off,90,2
315,off,1,off,90,3
315,off,1,off,90,4
315,off,1,off,90,5
315,off,1,off,90,6
315,off,1,off,90,7
315,off,1,off,90,8
315,off,1,off,90,9
315,off,1,off,135,0
315,off,1,off,135,1
315,off,1,off,135,2
315,off,1,off,135,3
315,off,1,off,135,4
315,off,1,off,135,5
315,off,1,off,135,6
315,off,1,off,135,7
315,off,1,off,135,8
315,off,1,off,135,9
315,off,2,on,45,0
315,off,2,on,45,1
315,off,2,on,45,2
315,off,2,on,45,3
315,off,2,on,45,4
315,off,2,on,45,5
315,off,2,on,45,6
315,off,2,on,45,7
315,off,2,on,45,8
315,off,2,on,45,9
315,off,2,on,90,0
315,off,2,on,90,1
315,off,2,on,90,2
315,off,2,on,90,3
315,off,2,on,90,4
315,off,2,on,90,5
315,off,2,on,90,6
315,off,2,on,90,7
315,off,2,on,90,8
315,off,2,on,90,9
315,off,2,on,135,0
315,off,2,on,135,1
315,off,2,on,135,2
315,off,2,on,135,3
315,off,2,on,135,4
315,off,2,on,135,5
315,off,2,on,135,6
315,off,2,on,135,7
315,off,2,on,135,8
315,off,2,on,135,9
315,off,2,off,45,0
315,off,2,off,45,1
315,off,2,off,45,2
315,off,2,off,45,3
315,off,2,off,45,4
315,off,2,off,45,5
315,off,2,off,45,6
315,off,2,off,45,7
315,off,2,off,45,8
315,off,2,off,45,9
315,off,2,off,90,0
315,off,2,off,90,1
315,off,2,off,90,2
315,off,2,off,90,3
315,off,2,off,90,4
315,off,2,off,90,5
315,off,2,off,90,6
315,off,2,off,90,7
315,off,2,off,90,8
315,off,2,off,90,9
315,off,2,off,135,0
315,off,2,off,135,1
315,off,2,off,135,2
315,off,2,off,135,3
315,off,2,off,135,4
315,off,2,off,135,5
315,off,2,off,135,6
315,off,2,off,135,7
315,off,2,off,135,8
315,off,2,off,135,9
315,off,3,on,45,0
315,off,3,on,45,1
315,off,3,on,45,2
315,off,3,on,45,3
315,off,3,on,45,4
315,off,3,on,45,5
315,off,3,on,45,6
315,off,3,on,45,7
315,off,3,on,45,8
315,off,3,on,45,9
315,off,3,on,90,0
315,off,3,on,90,1
315,off,3,on,90,2
315,off,3,on,90,3
315,off,3,on,90,4
315,off,3,on,90,5
315,off,3,on,90,6
315,off,3,on,90,7
315,off,3,on,90,8
315,off,3,on,90,9
315,off,3,on,135,0
315,off,3,on,135,1
315,off,3,on,135,2
315,off,3,on,135,3
315,off,3,on,135,4
315,off,3,on,135,5
315,off,3,on,135,6
315,off,3,on,135,7
315,off,3,on,135,8
315,off,3,on,135,9
315,off,3,off,45,0
315,off,3,off,45,1
315,off,3,off,45,2
315,off,3,off,45,3
315,off,3,off,45,4
315,off,3,off,45,5
315,off,3,off,45,6
315,off,3,off,45,7
315,off,3,off,45,8
315,off,3,off,45,9
315,off,3,off,90,0
315,off,3,off,90,1
315,off,3,off,90,2
315,off,3,off,90,3
315,off,3,off,90,4
315,off,3,off,90,5
315,off,3,off,90,6
315,off,3,off,90,7
315,off,3,off,90,8
315,off,3,off,90,9
315,off,3,off,135,0
315,off,3,off,135,1
315,off,3,off,135,2
315,off,3,off,135,3
315,off,3,off,135,4
315,off,3,off,135,5
315,off,3,off,135,6
315,off,3,off,135,7
315,off,3,off,135,8
315,off,3,off,135,9
315,off,4,on,45,0
315,off,4,on,45,1
315,off,4,on,45,2
315,off,4,on,45,3
315,off,4,on,45,4
315,off,4,on,45,5
315,off,4,on,45,6
315,off,4,on,45,7
315,off,4,on,45,8
315,off,4,on,45,9
315,off,4,on,90,0
315,off,4,on,90,1
315,off,4,on,90,2
315,off,4,on,90,3
315,off,4,on,90,4
315,off,4,on,90,5
315,off,4,on,90,6
315,off,4,on,90,7
315,off,4,on,90,8
315,off,4,on,90,9
315,off,4,on,135,0
315,off,4,on,135,1
315,off,4,on,135,2
315,off,4,on,135,3
315,off,4,on,135,4
315,off,4,on,135,5
315,off,4,on,135,6
315,off,4,on,135,7
315,off,4,on,135,8
315,off,4,on,135,9
315,off,4,off,45,0
315,off,4,off,45,1
315,off,4,off,45,2
315,off,4,off,45,3
315,off,4,off,45,4
315,off,4,off,45,5
315,off,4,off,45,6
315,off,4,off,45,7
315,off,4,off,45,8
315,off,4,off,45,9
315,off,4,off,90,0
315,off,4,off,90,1
315,off,4,off,90,2
315,off,4,off,90,3
315,off,4,off,90,4
315,off,4,off,90,5
315,off,4,off,90,6
315,off,4,off,90,7
315,off,4,off,90,8
315,off,4,off,90,9
315,off,4,off,135,0
315,off,4,off,135,1
315,off,4,off,135,2
315,off,4,off,135,3
315,off,4,off,135,4
315,off,4,off,135,5
315,off,4,off,135,6
315,off,4,off,135,7
315,off,4,off,135,8
315,off,4,off,135,9
